"filename", "language", "PHP", "JavaScript", "SQL", "XML", "Markdown", "JSON", "CSS", "HTML", "YAML", "comment", "blank", "total"
"c:\xampp\htdocs\Funciones\Acerca\hogar-acerca-de.php", "PHP", 375, 0, 0, 0, 0, 0, 0, 0, 0, 0, 14, 389
"c:\xampp\htdocs\Funciones\Administrativo\agregar-mision-vision.php", "PHP", 104, 0, 0, 0, 0, 0, 0, 0, 0, 0, 3, 107
"c:\xampp\htdocs\Funciones\Administrativo\hogar-administrativos.php", "PHP", 170, 0, 0, 0, 0, 0, 0, 0, 0, 0, 7, 177
"c:\xampp\htdocs\Funciones\Administrativo\menu-acciones-administrativos.php", "PHP", 8, 0, 0, 0, 0, 0, 0, 0, 0, 0, 7, 15
"c:\xampp\htdocs\Funciones\Administrativo\reporte-administrativo.php", "PHP", 56, 0, 0, 0, 0, 0, 0, 0, 0, 2, 20, 78
"c:\xampp\htdocs\Funciones\Configuracion\hogar-configuraciones.php", "PHP", 203, 0, 0, 0, 0, 0, 0, 0, 0, 0, 8, 211
"c:\xampp\htdocs\Funciones\Contrato\agregar-contratos.php", "PHP", 101, 0, 0, 0, 0, 0, 0, 0, 0, 0, 5, 106
"c:\xampp\htdocs\Funciones\Contrato\borrar-contrato.php", "PHP", 22, 0, 0, 0, 0, 0, 0, 0, 0, 0, 9, 31
"c:\xampp\htdocs\Funciones\Contrato\eliminar-contratos.php", "PHP", 88, 0, 0, 0, 0, 0, 0, 0, 0, 0, 5, 93
"c:\xampp\htdocs\Funciones\Contrato\hogar-contratos.php", "PHP", 140, 0, 0, 0, 0, 0, 0, 0, 0, 0, 7, 147
"c:\xampp\htdocs\Funciones\Contrato\ingresar-contrato.php", "PHP", 23, 0, 0, 0, 0, 0, 0, 0, 0, 1, 10, 34
"c:\xampp\htdocs\Funciones\Contrato\menu-acciones-contrato.php", "PHP", 8, 0, 0, 0, 0, 0, 0, 0, 0, 0, 7, 15
"c:\xampp\htdocs\Funciones\Estudiante\agregar-estudiantes-1c.php", "PHP", 131, 0, 0, 0, 0, 0, 0, 0, 0, 0, 5, 136
"c:\xampp\htdocs\Funciones\Estudiante\agregar-estudiantes-2c.php", "PHP", 131, 0, 0, 0, 0, 0, 0, 0, 0, 0, 5, 136
"c:\xampp\htdocs\Funciones\Estudiante\borrar-estudiante.php", "PHP", 22, 0, 0, 0, 0, 0, 0, 0, 0, 0, 9, 31
"c:\xampp\htdocs\Funciones\Estudiante\buscar-estudiante-2.php", "PHP", 141, 0, 0, 0, 0, 0, 0, 0, 0, 3, 22, 166
"c:\xampp\htdocs\Funciones\Estudiante\consultar-estudiantes-2c.php", "PHP", 85, 0, 0, 0, 0, 0, 0, 0, 0, 0, 4, 89
"c:\xampp\htdocs\Funciones\Estudiante\consultar-estudiantes.php", "PHP", 142, 0, 0, 0, 0, 0, 0, 0, 0, 0, 3, 145
"c:\xampp\htdocs\Funciones\Estudiante\decision-actualizar-estudiantes copy.php", "PHP", 142, 0, 0, 0, 0, 0, 0, 0, 0, 0, 3, 145
"c:\xampp\htdocs\Funciones\Estudiante\decision-agregar-estudiantes.php", "PHP", 142, 0, 0, 0, 0, 0, 0, 0, 0, 0, 3, 145
"c:\xampp\htdocs\Funciones\Estudiante\eliminar-estudiantes.php", "PHP", 87, 0, 0, 0, 0, 0, 0, 0, 0, 0, 4, 91
"c:\xampp\htdocs\Funciones\Estudiante\hogar-estudiantes.php", "PHP", 199, 0, 0, 0, 0, 0, 0, 0, 0, 0, 9, 208
"c:\xampp\htdocs\Funciones\Estudiante\ingresar-estudiantes-1.php", "PHP", 40, 0, 0, 0, 0, 0, 0, 0, 0, 2, 13, 55
"c:\xampp\htdocs\Funciones\Estudiante\ingresar-estudiantes-2.php", "PHP", 43, 0, 0, 0, 0, 0, 0, 0, 0, 2, 13, 58
"c:\xampp\htdocs\Funciones\Estudiante\menu-acciones-estudiante.php", "PHP", 8, 0, 0, 0, 0, 0, 0, 0, 0, 0, 7, 15
"c:\xampp\htdocs\Funciones\Estudiante\reporte-estudiante-hogar.php", "PHP", 123, 0, 0, 0, 0, 0, 0, 0, 0, 0, 5, 128
"c:\xampp\htdocs\Funciones\Estudiante\reporte-estudiante.php", "PHP", 70, 0, 0, 0, 0, 0, 0, 0, 0, 2, 22, 94
"c:\xampp\htdocs\Funciones\Estudiante\reporte-estudiante2.php", "PHP", 61, 0, 0, 0, 0, 0, 0, 0, 0, 1, 20, 82
"c:\xampp\htdocs\Funciones\Formularios\Unicos\cedula.php", "PHP", 12, 0, 0, 0, 0, 0, 0, 0, 0, 0, 0, 12
"c:\xampp\htdocs\Funciones\Formularios\Unicos\id.php", "PHP", 12, 0, 0, 0, 0, 0, 0, 0, 0, 0, 0, 12
"c:\xampp\htdocs\Funciones\Formularios\consultar-datos.php", "PHP", 9, 0, 0, 0, 0, 0, 0, 0, 0, 0, 0, 9
"c:\xampp\htdocs\Funciones\Formularios\contactos.php", "PHP", 23, 0, 0, 0, 0, 0, 0, 0, 0, 0, 3, 26
"c:\xampp\htdocs\Funciones\Formularios\datos-estudiante-1.php", "PHP", 38, 0, 0, 0, 0, 0, 0, 0, 0, 0, 0, 38
"c:\xampp\htdocs\Funciones\Formularios\datos.php", "PHP", 28, 0, 0, 0, 0, 0, 0, 0, 0, 0, 0, 28
"c:\xampp\htdocs\Funciones\Formularios\direccion.php", "PHP", 46, 0, 0, 0, 0, 0, 0, 0, 0, 0, 3, 49
"c:\xampp\htdocs\Funciones\Hogar\buscar-mision-vision.php", "PHP", 57, 0, 0, 0, 0, 0, 0, 0, 0, 1, 7, 65
"c:\xampp\htdocs\Funciones\Hogar\hogar.php", "PHP", 80, 0, 0, 0, 0, 0, 0, 0, 0, 0, 10, 90
"c:\xampp\htdocs\Funciones\Login\login.php", "PHP", 50, 0, 0, 0, 0, 0, 0, 0, 0, 0, 9, 59
"c:\xampp\htdocs\Funciones\Login\recuperar-script.php", "PHP", 76, 0, 0, 0, 0, 0, 0, 0, 0, 0, 10, 86
"c:\xampp\htdocs\Funciones\Login\recuperar.php", "PHP", 58, 0, 0, 0, 0, 0, 0, 0, 0, 0, 13, 71
"c:\xampp\htdocs\Funciones\Login\registro.php", "PHP", 73, 0, 0, 0, 0, 0, 0, 0, 0, 0, 9, 82
"c:\xampp\htdocs\Funciones\Materia\agregar-materias.php", "PHP", 122, 0, 0, 0, 0, 0, 0, 0, 0, 0, 5, 127
"c:\xampp\htdocs\Funciones\Materia\agregar-plan.php", "PHP", 101, 0, 0, 0, 0, 0, 0, 0, 0, 0, 5, 106
"c:\xampp\htdocs\Funciones\Materia\borrar-materia.php", "PHP", 22, 0, 0, 0, 0, 0, 0, 0, 0, 0, 9, 31
"c:\xampp\htdocs\Funciones\Materia\borrar-plan.php", "PHP", 22, 0, 0, 0, 0, 0, 0, 0, 0, 0, 9, 31
"c:\xampp\htdocs\Funciones\Materia\decision-actualizar-materias.php", "PHP", 143, 0, 0, 0, 0, 0, 0, 0, 0, 0, 3, 146
"c:\xampp\htdocs\Funciones\Materia\decision-agregar-materias.php", "PHP", 143, 0, 0, 0, 0, 0, 0, 0, 0, 0, 3, 146
"c:\xampp\htdocs\Funciones\Materia\decision-consultar-materias.php", "PHP", 143, 0, 0, 0, 0, 0, 0, 0, 0, 0, 3, 146
"c:\xampp\htdocs\Funciones\Materia\decision-eliminar-materias.php", "PHP", 143, 0, 0, 0, 0, 0, 0, 0, 0, 0, 3, 146
"c:\xampp\htdocs\Funciones\Materia\eliminar-materias.php", "PHP", 111, 0, 0, 0, 0, 0, 0, 0, 0, 0, 5, 116
"c:\xampp\htdocs\Funciones\Materia\eliminar-plan.php", "PHP", 111, 0, 0, 0, 0, 0, 0, 0, 0, 0, 5, 116
"c:\xampp\htdocs\Funciones\Materia\hogar-materias.php", "PHP", 140, 0, 0, 0, 0, 0, 0, 0, 0, 0, 7, 147
"c:\xampp\htdocs\Funciones\Materia\ingresar-materias.php", "PHP", 25, 0, 0, 0, 0, 0, 0, 0, 0, 1, 10, 36
"c:\xampp\htdocs\Funciones\Materia\ingresar-plan.php", "PHP", 23, 0, 0, 0, 0, 0, 0, 0, 0, 1, 10, 34
"c:\xampp\htdocs\Funciones\Materia\menu-acciones-materia.php", "PHP", 8, 0, 0, 0, 0, 0, 0, 0, 0, 0, 7, 15
"c:\xampp\htdocs\Funciones\Matricula\agregar-matriculas.php", "PHP", 115, 0, 0, 0, 0, 0, 0, 0, 0, 0, 5, 120
"c:\xampp\htdocs\Funciones\Matricula\borrar-matricula.php", "PHP", 22, 0, 0, 0, 0, 0, 0, 0, 0, 0, 9, 31
"c:\xampp\htdocs\Funciones\Matricula\eliminar-matriculas.php", "PHP", 111, 0, 0, 0, 0, 0, 0, 0, 0, 0, 5, 116
"c:\xampp\htdocs\Funciones\Matricula\hogar-matriculas.php", "PHP", 140, 0, 0, 0, 0, 0, 0, 0, 0, 0, 7, 147
"c:\xampp\htdocs\Funciones\Matricula\ingresar-matricula.php", "PHP", 24, 0, 0, 0, 0, 0, 0, 0, 0, 1, 10, 35
"c:\xampp\htdocs\Funciones\Matricula\menu-acciones-matricula.php", "PHP", 8, 0, 0, 0, 0, 0, 0, 0, 0, 0, 7, 15
"c:\xampp\htdocs\Funciones\Mensualidad\agregar-mensualidades.php", "PHP", 115, 0, 0, 0, 0, 0, 0, 0, 0, 0, 5, 120
"c:\xampp\htdocs\Funciones\Mensualidad\borrar-mensualidad.php", "PHP", 22, 0, 0, 0, 0, 0, 0, 0, 0, 0, 9, 31
"c:\xampp\htdocs\Funciones\Mensualidad\eliminar-mensualidades.php", "PHP", 87, 0, 0, 0, 0, 0, 0, 0, 0, 0, 5, 92
"c:\xampp\htdocs\Funciones\Mensualidad\hogar-mensualidades.php", "PHP", 169, 0, 0, 0, 0, 0, 0, 0, 0, 0, 7, 176
"c:\xampp\htdocs\Funciones\Mensualidad\ingresar-mensualidades.php", "PHP", 24, 0, 0, 0, 0, 0, 0, 0, 0, 1, 8, 33
"c:\xampp\htdocs\Funciones\Mensualidad\menu-acciones-mensualidad.php", "PHP", 8, 0, 0, 0, 0, 0, 0, 0, 0, 0, 7, 15
"c:\xampp\htdocs\Funciones\Mirai\hogar-mirai-ig.php", "PHP", 165, 0, 0, 0, 0, 0, 0, 0, 0, 0, 7, 172
"c:\xampp\htdocs\Funciones\Mirai\hogar-mirai-voice.php", "PHP", 227, 0, 0, 0, 0, 0, 0, 0, 0, 0, 9, 236
"c:\xampp\htdocs\Funciones\Mirai\hogar-mirai.php", "PHP", 1461, 0, 0, 0, 0, 0, 0, 0, 0, 0, 49, 1510
"c:\xampp\htdocs\Funciones\Mirai\menu-acciones-mirai.php", "PHP", 8, 0, 0, 0, 0, 0, 0, 0, 0, 0, 7, 15
"c:\xampp\htdocs\Funciones\Nota\agregar-notas1.php", "PHP", 156, 0, 0, 0, 0, 0, 0, 0, 0, 0, 4, 160
"c:\xampp\htdocs\Funciones\Nota\agregar-notas2.php", "PHP", 137, 0, 0, 0, 0, 0, 0, 0, 0, 0, 5, 142
"c:\xampp\htdocs\Funciones\Nota\buscar-notas2.php", "PHP", 61, 0, 0, 0, 0, 0, 0, 0, 0, 1, 15, 77
"c:\xampp\htdocs\Funciones\Nota\consultar-notas2.php", "PHP", 107, 0, 0, 0, 0, 0, 0, 0, 0, 0, 4, 111
"c:\xampp\htdocs\Funciones\Nota\decision-agregar-notas.php", "PHP", 142, 0, 0, 0, 0, 0, 0, 0, 0, 0, 3, 145
"c:\xampp\htdocs\Funciones\Nota\decision-consultar-notas.php", "PHP", 142, 0, 0, 0, 0, 0, 0, 0, 0, 0, 3, 145
"c:\xampp\htdocs\Funciones\Nota\hogar-notas.php", "PHP", 199, 0, 0, 0, 0, 0, 0, 0, 0, 0, 8, 207
"c:\xampp\htdocs\Funciones\Nota\ingresar-notas1.php", "PHP", 28, 0, 0, 0, 0, 0, 0, 0, 0, 0, 7, 35
"c:\xampp\htdocs\Funciones\Nota\ingresar-notas2.php", "PHP", 27, 0, 0, 0, 0, 0, 0, 0, 0, 0, 7, 34
"c:\xampp\htdocs\Funciones\Nota\menu-acciones-nota.php", "PHP", 8, 0, 0, 0, 0, 0, 0, 0, 0, 0, 7, 15
"c:\xampp\htdocs\Funciones\Nota\reporte-literal-hogar.php", "PHP", 107, 0, 0, 0, 0, 0, 0, 0, 0, 0, 5, 112
"c:\xampp\htdocs\Funciones\Nota\reporte-literal.php", "PHP", 83, 0, 0, 0, 0, 0, 0, 0, 0, 1, 16, 100
"c:\xampp\htdocs\Funciones\Nota\reporte-literal2.php", "PHP", 42, 0, 0, 0, 0, 0, 0, 0, 0, 1, 16, 59
"c:\xampp\htdocs\Funciones\Nota\reporte-record-hogar.php", "PHP", 107, 0, 0, 0, 0, 0, 0, 0, 0, 0, 5, 112
"c:\xampp\htdocs\Funciones\Nota\reporte-record.php", "PHP", 113, 0, 0, 0, 0, 0, 0, 0, 0, 6, 34, 153
"c:\xampp\htdocs\Funciones\Nota\reporte-record2.php", "PHP", 65, 0, 0, 0, 0, 0, 0, 0, 0, 5, 22, 92
"c:\xampp\htdocs\Funciones\Parroquia\agregar-ciudades.php", "PHP", 116, 0, 0, 0, 0, 0, 0, 0, 0, 0, 5, 121
"c:\xampp\htdocs\Funciones\Parroquia\agregar-estados.php", "PHP", 98, 0, 0, 0, 0, 0, 0, 0, 0, 0, 5, 103
"c:\xampp\htdocs\Funciones\Parroquia\agregar-municipios.php", "PHP", 112, 0, 0, 0, 0, 0, 0, 0, 0, 0, 4, 116
"c:\xampp\htdocs\Funciones\Parroquia\agregar-parroquias.php", "PHP", 112, 0, 0, 0, 0, 0, 0, 0, 0, 0, 5, 117
"c:\xampp\htdocs\Funciones\Parroquia\borrar-ciudad.php", "PHP", 22, 0, 0, 0, 0, 0, 0, 0, 0, 0, 9, 31
"c:\xampp\htdocs\Funciones\Parroquia\borrar-estado.php", "PHP", 22, 0, 0, 0, 0, 0, 0, 0, 0, 0, 9, 31
"c:\xampp\htdocs\Funciones\Parroquia\borrar-municipio.php", "PHP", 22, 0, 0, 0, 0, 0, 0, 0, 0, 0, 9, 31
"c:\xampp\htdocs\Funciones\Parroquia\borrar-parroquia.php", "PHP", 22, 0, 0, 0, 0, 0, 0, 0, 0, 0, 9, 31
"c:\xampp\htdocs\Funciones\Parroquia\decision-actualizar-parroquias.php", "PHP", 202, 0, 0, 0, 0, 0, 0, 0, 0, 0, 3, 205
"c:\xampp\htdocs\Funciones\Parroquia\decision-agregar-parroquias.php", "PHP", 202, 0, 0, 0, 0, 0, 0, 0, 0, 0, 3, 205
"c:\xampp\htdocs\Funciones\Parroquia\decision-consultar-parroquias.php", "PHP", 202, 0, 0, 0, 0, 0, 0, 0, 0, 0, 3, 205
"c:\xampp\htdocs\Funciones\Parroquia\decision-eliminar-parroquias.php", "PHP", 202, 0, 0, 0, 0, 0, 0, 0, 0, 0, 3, 205
"c:\xampp\htdocs\Funciones\Parroquia\eliminar-ciudades.php", "PHP", 110, 0, 0, 0, 0, 0, 0, 0, 0, 0, 4, 114
"c:\xampp\htdocs\Funciones\Parroquia\eliminar-estados.php", "PHP", 110, 0, 0, 0, 0, 0, 0, 0, 0, 0, 4, 114
"c:\xampp\htdocs\Funciones\Parroquia\eliminar-municipios.php", "PHP", 110, 0, 0, 0, 0, 0, 0, 0, 0, 0, 4, 114
"c:\xampp\htdocs\Funciones\Parroquia\eliminar-parroquias.php", "PHP", 110, 0, 0, 0, 0, 0, 0, 0, 0, 0, 4, 114
"c:\xampp\htdocs\Funciones\Parroquia\hogar-parroquias.php", "PHP", 199, 0, 0, 0, 0, 0, 0, 0, 0, 0, 8, 207
"c:\xampp\htdocs\Funciones\Parroquia\ingresar-ciudad.php", "PHP", 24, 0, 0, 0, 0, 0, 0, 0, 0, 1, 8, 33
"c:\xampp\htdocs\Funciones\Parroquia\ingresar-estado.php", "PHP", 22, 0, 0, 0, 0, 0, 0, 0, 0, 1, 8, 31
"c:\xampp\htdocs\Funciones\Parroquia\ingresar-municipio.php", "PHP", 23, 0, 0, 0, 0, 0, 0, 0, 0, 1, 8, 32
"c:\xampp\htdocs\Funciones\Parroquia\ingresar-parroquias.php", "PHP", 23, 0, 0, 0, 0, 0, 0, 0, 0, 1, 8, 32
"c:\xampp\htdocs\Funciones\Parroquia\menu-acciones-parroquia.php", "PHP", 8, 0, 0, 0, 0, 0, 0, 0, 0, 0, 7, 15
"c:\xampp\htdocs\Funciones\Profesor\agregar-profesores-guia.php", "PHP", 164, 0, 0, 0, 0, 0, 0, 0, 0, 0, 7, 171
"c:\xampp\htdocs\Funciones\Profesor\agregar-profesores.php", "PHP", 135, 0, 0, 0, 0, 0, 0, 0, 0, 0, 4, 139
"c:\xampp\htdocs\Funciones\Profesor\borrar-profesor.php", "PHP", 22, 0, 0, 0, 0, 0, 0, 0, 0, 0, 9, 31
"c:\xampp\htdocs\Funciones\Profesor\eliminar-profesores.php", "PHP", 112, 0, 0, 0, 0, 0, 0, 0, 0, 0, 6, 118
"c:\xampp\htdocs\Funciones\Profesor\hogar-profesores.php", "PHP", 200, 0, 0, 0, 0, 0, 0, 0, 0, 0, 7, 207
"c:\xampp\htdocs\Funciones\Profesor\ingresar-profesor.php", "PHP", 43, 0, 0, 0, 0, 0, 0, 0, 0, 4, 14, 61
"c:\xampp\htdocs\Funciones\Profesor\insertar-guia.php", "PHP", 26, 0, 0, 0, 0, 0, 0, 0, 0, 0, 9, 35
"c:\xampp\htdocs\Funciones\Profesor\menu-acciones-profesor.php", "PHP", 8, 0, 0, 0, 0, 0, 0, 0, 0, 0, 7, 15
"c:\xampp\htdocs\Funciones\Profesor\reporte-profesor.php", "PHP", 60, 0, 0, 0, 0, 0, 0, 0, 0, 2, 19, 81
"c:\xampp\htdocs\Funciones\Reportes\encabezado-reportes.php", "PHP", 9, 0, 0, 0, 0, 0, 0, 0, 0, 0, 0, 9
"c:\xampp\htdocs\Funciones\Representante\actualizar-representantes.php", "PHP", 117, 0, 0, 0, 0, 0, 0, 0, 0, 0, 4, 121
"c:\xampp\htdocs\Funciones\Representante\agregar-representantes.php", "PHP", 117, 0, 0, 0, 0, 0, 0, 0, 0, 0, 4, 121
"c:\xampp\htdocs\Funciones\Representante\borrar-representantes.php", "PHP", 22, 0, 0, 0, 0, 0, 0, 0, 0, 1, 10, 33
"c:\xampp\htdocs\Funciones\Representante\buscar-representantes.php", "PHP", 292, 0, 0, 0, 0, 0, 0, 0, 0, 5, 26, 323
"c:\xampp\htdocs\Funciones\Representante\cambiar-representantes.php", "PHP", 41, 0, 0, 0, 0, 0, 0, 0, 0, 4, 14, 59
"c:\xampp\htdocs\Funciones\Representante\consultar-representantes.php", "PHP", 86, 0, 0, 0, 0, 0, 0, 0, 0, 0, 4, 90
"c:\xampp\htdocs\Funciones\Representante\eliminar-representantes.php", "PHP", 90, 0, 0, 0, 0, 0, 0, 0, 0, 0, 4, 94
"c:\xampp\htdocs\Funciones\Representante\hogar-representantes.php", "PHP", 199, 0, 0, 0, 0, 0, 0, 0, 0, 0, 8, 207
"c:\xampp\htdocs\Funciones\Representante\ingresar-representantes.php", "PHP", 41, 0, 0, 0, 0, 0, 0, 0, 0, 4, 14, 59
"c:\xampp\htdocs\Funciones\Representante\menu-acciones-representante.php", "PHP", 8, 0, 0, 0, 0, 0, 0, 0, 0, 0, 7, 15
"c:\xampp\htdocs\Funciones\Representante\reporte-aceptacion-hogar.php", "PHP", 95, 0, 0, 0, 0, 0, 0, 0, 0, 0, 5, 100
"c:\xampp\htdocs\Funciones\Representante\reporte-aceptacion.php", "PHP", 85, 0, 0, 0, 0, 0, 0, 0, 0, 3, 26, 114
"c:\xampp\htdocs\Funciones\Representante\reporte-aceptacion2.php", "PHP", 46, 0, 0, 0, 0, 0, 0, 0, 0, 1, 16, 63
"c:\xampp\htdocs\Funciones\Representante\reporte-estudio-hogar.php", "PHP", 95, 0, 0, 0, 0, 0, 0, 0, 0, 0, 5, 100
"c:\xampp\htdocs\Funciones\Representante\reporte-estudio.php", "PHP", 84, 0, 0, 0, 0, 0, 0, 0, 0, 3, 26, 113
"c:\xampp\htdocs\Funciones\Representante\reporte-estudio2.php", "PHP", 43, 0, 0, 0, 0, 0, 0, 0, 0, 1, 16, 60
"c:\xampp\htdocs\Funciones\Representante\reporte-retiro-hogar.php", "PHP", 111, 0, 0, 0, 0, 0, 0, 0, 0, 0, 5, 116
"c:\xampp\htdocs\Funciones\Representante\reporte-retiro.php", "PHP", 83, 0, 0, 0, 0, 0, 0, 0, 0, 1, 23, 107
"c:\xampp\htdocs\Funciones\Representante\reporte-retiro2.php", "PHP", 48, 0, 0, 0, 0, 0, 0, 0, 0, 1, 16, 65
"c:\xampp\htdocs\Funciones\Respaldo\batalla_de_niquitao_20240213-203100\batalla_de_niquitao_20240213-203100.sql", "SQL", 0, 0, 545, 0, 0, 0, 0, 0, 0, 174, 116, 835
"c:\xampp\htdocs\Funciones\Respaldo\hogar-respaldos.php", "PHP", 166, 0, 0, 0, 0, 0, 0, 0, 0, 0, 7, 173
"c:\xampp\htdocs\Funciones\Respaldo\menu-acciones-respaldo.php", "PHP", 8, 0, 0, 0, 0, 0, 0, 0, 0, 0, 7, 15
"c:\xampp\htdocs\Funciones\Respaldo\respaldo-script.php", "PHP", 22, 0, 0, 0, 0, 0, 0, 0, 0, 4, 8, 34
"c:\xampp\htdocs\Funciones\Respaldo\restauracion-script.php", "PHP", 22, 0, 0, 0, 0, 0, 0, 0, 0, 7, 11, 40
"c:\xampp\htdocs\Funciones\Seccion\agregar-guia.php", "PHP", 152, 0, 0, 0, 0, 0, 0, 0, 0, 0, 5, 157
"c:\xampp\htdocs\Funciones\Seccion\agregar-salones.php", "PHP", 99, 0, 0, 0, 0, 0, 0, 0, 0, 0, 5, 104
"c:\xampp\htdocs\Funciones\Seccion\agregar-secciones.php", "PHP", 99, 0, 0, 0, 0, 0, 0, 0, 0, 0, 4, 103
"c:\xampp\htdocs\Funciones\Seccion\borrar-salon.php", "PHP", 22, 0, 0, 0, 0, 0, 0, 0, 0, 0, 9, 31
"c:\xampp\htdocs\Funciones\Seccion\borrar-seccion.php", "PHP", 22, 0, 0, 0, 0, 0, 0, 0, 0, 0, 9, 31
"c:\xampp\htdocs\Funciones\Seccion\decision-agregar-secciones.php", "PHP", 143, 0, 0, 0, 0, 0, 0, 0, 0, 0, 3, 146
"c:\xampp\htdocs\Funciones\Seccion\decision-eliminar-secciones.php", "PHP", 143, 0, 0, 0, 0, 0, 0, 0, 0, 0, 3, 146
"c:\xampp\htdocs\Funciones\Seccion\eliminar-salones.php", "PHP", 111, 0, 0, 0, 0, 0, 0, 0, 0, 0, 5, 116
"c:\xampp\htdocs\Funciones\Seccion\eliminar-secciones.php", "PHP", 111, 0, 0, 0, 0, 0, 0, 0, 0, 0, 5, 116
"c:\xampp\htdocs\Funciones\Seccion\hogar-secciones.php", "PHP", 141, 0, 0, 0, 0, 0, 0, 0, 0, 0, 6, 147
"c:\xampp\htdocs\Funciones\Seccion\ingresar-salon.php", "PHP", 20, 0, 0, 0, 0, 0, 0, 0, 0, 1, 8, 29
"c:\xampp\htdocs\Funciones\Seccion\ingresar-secciones.php", "PHP", 27, 0, 0, 0, 0, 0, 0, 0, 0, 1, 10, 38
"c:\xampp\htdocs\Funciones\Seccion\menu-acciones-seccion.php", "PHP", 8, 0, 0, 0, 0, 0, 0, 0, 0, 0, 7, 15
"c:\xampp\htdocs\Funciones\Soporte\menu-acciones-soporte.php", "PHP", 8, 0, 0, 0, 0, 0, 0, 0, 0, 0, 7, 15
"c:\xampp\htdocs\Funciones\Soporte\soporte.php", "PHP", 252, 0, 0, 0, 0, 0, 0, 0, 0, 0, 7, 259
"c:\xampp\htdocs\Funciones\botones-laterales.php", "PHP", 64, 0, 0, 0, 0, 0, 0, 0, 0, 9, 35, 108
"c:\xampp\htdocs\Funciones\menu-contextual.php", "PHP", 81, 0, 0, 0, 0, 0, 0, 0, 0, 6, 19, 106
"c:\xampp\htdocs\Funciones\menu-lateral-2.php", "PHP", 11, 0, 0, 0, 0, 0, 0, 0, 0, 0, 6, 17
"c:\xampp\htdocs\Funciones\menu-lateral.php", "PHP", 24, 0, 0, 0, 0, 0, 0, 0, 0, 0, 19, 43
"c:\xampp\htdocs\Funciones\menu-superior-1.php", "PHP", 12, 0, 0, 0, 0, 0, 0, 0, 0, 0, 5, 17
"c:\xampp\htdocs\Funciones\menu-superior-2.php", "PHP", 4, 0, 0, 0, 0, 0, 0, 0, 0, 0, 1, 5
"c:\xampp\htdocs\Funciones\pie1.php", "PHP", 7, 0, 0, 0, 0, 0, 0, 0, 0, 0, 0, 7
"c:\xampp\htdocs\Funciones\pie2.php", "PHP", 20, 0, 0, 0, 0, 0, 0, 0, 0, 0, 2, 22
"c:\xampp\htdocs\Funciones\pie3.php", "PHP", 12, 0, 0, 0, 0, 0, 0, 0, 0, 0, 1, 13
"c:\xampp\htdocs\buscar-mision-vision.php", "PHP", 71, 0, 0, 0, 0, 0, 0, 0, 0, 1, 8, 80
"c:\xampp\htdocs\con_db.php", "PHP", 4, 0, 0, 0, 0, 0, 0, 0, 0, 0, 3, 7
"c:\xampp\htdocs\controlador\cierre_sesion.php", "PHP", 5, 0, 0, 0, 0, 0, 0, 0, 0, 0, 2, 7
"c:\xampp\htdocs\controlador\ingresar_usuario.php", "PHP", 37, 0, 0, 0, 0, 0, 0, 0, 0, 2, 8, 47
"c:\xampp\htdocs\controlador\inicio_sesion.php", "PHP", 38, 0, 0, 0, 0, 0, 0, 0, 0, 0, 11, 49
"c:\xampp\htdocs\controlador\recuperar_usuario.php", "PHP", 88, 0, 0, 0, 0, 0, 0, 0, 0, 1, 9, 98
"c:\xampp\htdocs\controlador\verificacion_admin.php", "PHP", 9, 0, 0, 0, 0, 0, 0, 0, 0, 0, 6, 15
"c:\xampp\htdocs\controlador\verificacion_sesion.php", "PHP", 18, 0, 0, 0, 0, 0, 0, 0, 0, 0, 12, 30
"c:\xampp\htdocs\css\Botones-AMC.css", "CSS", 0, 0, 0, 0, 0, 0, 171, 0, 0, 5, 18, 194
"c:\xampp\htdocs\css\Estilo-AMC.css", "CSS", 0, 0, 0, 0, 0, 0, 230, 0, 0, 25, 38, 293
"c:\xampp\htdocs\css\Iconos-Central-AMC.css", "CSS", 0, 0, 0, 0, 0, 0, 17, 0, 0, 3, 1, 21
"c:\xampp\htdocs\css\Iconos-Inferior-AMC.css", "CSS", 0, 0, 0, 0, 0, 0, 3, 0, 0, 3, 1, 7
"c:\xampp\htdocs\css\Iconos-Lateral-AMC.css", "CSS", 0, 0, 0, 0, 0, 0, 23, 0, 0, 3, 2, 28
"c:\xampp\htdocs\css\Iconos-Menu-AMC.css", "CSS", 0, 0, 0, 0, 0, 0, 17, 0, 0, 3, 3, 23
"c:\xampp\htdocs\css\Iconos-Menu-IA-AMC.css", "CSS", 0, 0, 0, 0, 0, 0, 144, 0, 0, 9, 48, 201
"c:\xampp\htdocs\css\Iconos-Superior-AMC.css", "CSS", 0, 0, 0, 0, 0, 0, 40, 0, 0, 6, 2, 48
"c:\xampp\htdocs\css\Iconos-index-AMC.css", "CSS", 0, 0, 0, 0, 0, 0, 17, 0, 0, 0, 1, 18
"c:\xampp\htdocs\css\Login_AMC.css", "CSS", 0, 0, 0, 0, 0, 0, 246, 0, 0, 1, 19, 266
"c:\xampp\htdocs\css\PHP_AMC.css", "CSS", 0, 0, 0, 0, 0, 0, 44, 0, 0, 0, 4, 48
"c:\xampp\htdocs\css\PHP_Login.css", "CSS", 0, 0, 0, 0, 0, 0, 36, 0, 0, 0, 4, 40
"c:\xampp\htdocs\css\blur.css", "CSS", 0, 0, 0, 0, 0, 0, 78, 0, 0, 6, 11, 95
"c:\xampp\htdocs\css\bootstrap.min.css", "CSS", 0, 0, 0, 0, 0, 0, 1, 0, 0, 4, 0, 5
"c:\xampp\htdocs\css\bordes.css", "CSS", 0, 0, 0, 0, 0, 0, 27, 0, 0, 0, 8, 35
"c:\xampp\htdocs\css\busqueda.css", "CSS", 0, 0, 0, 0, 0, 0, 22, 0, 0, 1, 2, 25
"c:\xampp\htdocs\css\cursores.css", "CSS", 0, 0, 0, 0, 0, 0, 63, 0, 0, 3, 23, 89
"c:\xampp\htdocs\css\estilo-reporte.php", "PHP", 104, 0, 0, 0, 0, 0, 0, 0, 0, 0, 32, 136
"c:\xampp\htdocs\css\font-awesome.min.css", "CSS", 0, 0, 0, 0, 0, 0, 1, 0, 0, 3, 0, 4
"c:\xampp\htdocs\css\imagenes.css", "CSS", 0, 0, 0, 0, 0, 0, 377, 0, 0, 17, 115, 509
"c:\xampp\htdocs\css\input.css", "CSS", 0, 0, 0, 0, 0, 0, 38, 0, 0, 1, 7, 46
"c:\xampp\htdocs\css\menu-contextual.css", "CSS", 0, 0, 0, 0, 0, 0, 103, 0, 0, 2, 20, 125
"c:\xampp\htdocs\css\navegacion-horizontal.css", "CSS", 0, 0, 0, 0, 0, 0, 101, 0, 0, 2, 13, 116
"c:\xampp\htdocs\css\navegacion-vertical.css", "CSS", 0, 0, 0, 0, 0, 0, 92, 0, 0, 1, 14, 107
"c:\xampp\htdocs\css\pie.css", "CSS", 0, 0, 0, 0, 0, 0, 130, 0, 0, 2, 18, 150
"c:\xampp\htdocs\css\reporte.css", "CSS", 0, 0, 0, 0, 0, 0, 112, 0, 0, 0, 25, 137
"c:\xampp\htdocs\css\scrolls.css", "CSS", 0, 0, 0, 0, 0, 0, 59, 0, 0, 8, 14, 81
"c:\xampp\htdocs\css\style.css", "CSS", 0, 0, 0, 0, 0, 0, 437, 0, 0, 25, 120, 582
"c:\xampp\htdocs\css\texto.css", "CSS", 0, 0, 0, 0, 0, 0, 48, 0, 0, 2, 10, 60
"c:\xampp\htdocs\css\transicion.css", "CSS", 0, 0, 0, 0, 0, 0, 27, 0, 0, 0, 3, 30
"c:\xampp\htdocs\css\z-pictures.css", "CSS", 0, 0, 0, 0, 0, 0, 246, 0, 0, 0, 8, 254
"c:\xampp\htdocs\dompdf\AUTHORS.md", "Markdown", 0, 0, 0, 0, 17, 0, 0, 0, 0, 0, 8, 25
"c:\xampp\htdocs\dompdf\README.md", "Markdown", 0, 0, 0, 0, 168, 0, 0, 0, 0, 0, 65, 233
"c:\xampp\htdocs\dompdf\autoload.inc.php", "PHP", 1, 0, 0, 0, 0, 0, 0, 0, 0, 0, 0, 1
"c:\xampp\htdocs\dompdf\vendor\autoload.php", "PHP", 3, 0, 0, 0, 0, 0, 0, 0, 0, 1, 4, 8
"c:\xampp\htdocs\dompdf\vendor\composer\ClassLoader.php", "PHP", 276, 0, 0, 0, 0, 0, 0, 0, 0, 240, 57, 573
"c:\xampp\htdocs\dompdf\vendor\composer\InstalledVersions.php", "PHP", 174, 0, 0, 0, 0, 0, 0, 0, 0, 129, 48, 351
"c:\xampp\htdocs\dompdf\vendor\composer\autoload_classmap.php", "PHP", 7, 0, 0, 0, 0, 0, 0, 0, 0, 1, 4, 12
"c:\xampp\htdocs\dompdf\vendor\composer\autoload_namespaces.php", "PHP", 5, 0, 0, 0, 0, 0, 0, 0, 0, 1, 4, 10
"c:\xampp\htdocs\dompdf\vendor\composer\autoload_psr4.php", "PHP", 10, 0, 0, 0, 0, 0, 0, 0, 0, 1, 4, 15
"c:\xampp\htdocs\dompdf\vendor\composer\autoload_real.php", "PHP", 41, 0, 0, 0, 0, 0, 0, 0, 0, 4, 13, 58
"c:\xampp\htdocs\dompdf\vendor\composer\autoload_static.php", "PHP", 58, 0, 0, 0, 0, 0, 0, 0, 0, 1, 8, 67
"c:\xampp\htdocs\dompdf\vendor\composer\installed.json", "JSON", 0, 0, 0, 0, 0, 293, 0, 0, 0, 0, 1, 294
"c:\xampp\htdocs\dompdf\vendor\composer\installed.php", "PHP", 68, 0, 0, 0, 0, 0, 0, 0, 0, 0, 1, 69
"c:\xampp\htdocs\dompdf\vendor\composer\platform_check.php", "PHP", 21, 0, 0, 0, 0, 0, 0, 0, 0, 1, 5, 27
"c:\xampp\htdocs\dompdf\vendor\dompdf\dompdf\AUTHORS.md", "Markdown", 0, 0, 0, 0, 17, 0, 0, 0, 0, 0, 8, 25
"c:\xampp\htdocs\dompdf\vendor\dompdf\dompdf\README.md", "Markdown", 0, 0, 0, 0, 168, 0, 0, 0, 0, 0, 65, 233
"c:\xampp\htdocs\dompdf\vendor\dompdf\dompdf\composer.json", "JSON", 0, 0, 0, 0, 0, 47, 0, 0, 0, 0, 1, 48
"c:\xampp\htdocs\dompdf\vendor\dompdf\dompdf\lib\Cpdf.php", "PHP", 3949, 0, 0, 0, 0, 0, 0, 0, 0, 1612, 941, 6502
"c:\xampp\htdocs\dompdf\vendor\dompdf\dompdf\lib\fonts\Helvetica-Bold.afm.json", "JSON", 0, 0, 0, 0, 0, 569, 0, 0, 0, 0, 0, 569
"c:\xampp\htdocs\dompdf\vendor\dompdf\dompdf\lib\fonts\Helvetica-BoldOblique.afm.json", "JSON", 0, 0, 0, 0, 0, 569, 0, 0, 0, 0, 0, 569
"c:\xampp\htdocs\dompdf\vendor\dompdf\dompdf\lib\fonts\Helvetica.afm.json", "JSON", 0, 0, 0, 0, 0, 569, 0, 0, 0, 0, 0, 569
"c:\xampp\htdocs\dompdf\vendor\dompdf\dompdf\lib\fonts\Times-Bold.afm.json", "JSON", 0, 0, 0, 0, 0, 569, 0, 0, 0, 0, 0, 569
"c:\xampp\htdocs\dompdf\vendor\dompdf\dompdf\lib\fonts\Times-Roman.afm.json", "JSON", 0, 0, 0, 0, 0, 569, 0, 0, 0, 0, 0, 569
"c:\xampp\htdocs\dompdf\vendor\dompdf\dompdf\lib\fonts\installed-fonts.dist.json", "JSON", 0, 0, 0, 0, 0, 80, 0, 0, 0, 0, 0, 80
"c:\xampp\htdocs\dompdf\vendor\dompdf\dompdf\lib\fonts\mustRead.html", "HTML", 0, 0, 0, 0, 0, 0, 0, 17, 0, 0, 0, 17
"c:\xampp\htdocs\dompdf\vendor\dompdf\dompdf\lib\res\broken_image.svg", "XML", 0, 0, 0, 8, 0, 0, 0, 0, 0, 0, 0, 8
"c:\xampp\htdocs\dompdf\vendor\dompdf\dompdf\lib\res\html.css", "CSS", 0, 0, 0, 0, 0, 0, 391, 0, 0, 35, 93, 519
"c:\xampp\htdocs\dompdf\vendor\dompdf\dompdf\src\Adapter\CPDF.php", "PHP", 563, 0, 0, 0, 0, 0, 0, 0, 0, 237, 145, 945
"c:\xampp\htdocs\dompdf\vendor\dompdf\dompdf\src\Adapter\GD.php", "PHP", 535, 0, 0, 0, 0, 0, 0, 0, 0, 229, 166, 930
"c:\xampp\htdocs\dompdf\vendor\dompdf\dompdf\src\Adapter\PDFLib.php", "PHP", 885, 0, 0, 0, 0, 0, 0, 0, 0, 339, 227, 1451
"c:\xampp\htdocs\dompdf\vendor\dompdf\dompdf\src\Canvas.php", "PHP", 46, 0, 0, 0, 0, 0, 0, 0, 0, 389, 43, 478
"c:\xampp\htdocs\dompdf\vendor\dompdf\dompdf\src\CanvasFactory.php", "PHP", 29, 0, 0, 0, 0, 0, 0, 0, 0, 24, 6, 59
"c:\xampp\htdocs\dompdf\vendor\dompdf\dompdf\src\Cellmap.php", "PHP", 592, 0, 0, 0, 0, 0, 0, 0, 0, 254, 154, 1000
"c:\xampp\htdocs\dompdf\vendor\dompdf\dompdf\src\Css\AttributeTranslator.php", "PHP", 423, 0, 0, 0, 0, 0, 0, 0, 0, 145, 85, 653
"c:\xampp\htdocs\dompdf\vendor\dompdf\dompdf\src\Css\Color.php", "PHP", 272, 0, 0, 0, 0, 0, 0, 0, 0, 32, 36, 340
"c:\xampp\htdocs\dompdf\vendor\dompdf\dompdf\src\Css\Style.php", "PHP", 2178, 0, 0, 0, 0, 0, 0, 0, 0, 1102, 464, 3744
"c:\xampp\htdocs\dompdf\vendor\dompdf\dompdf\src\Css\Stylesheet.php", "PHP", 939, 0, 0, 0, 0, 0, 0, 0, 0, 471, 246, 1656
"c:\xampp\htdocs\dompdf\vendor\dompdf\dompdf\src\Dompdf.php", "PHP", 696, 0, 0, 0, 0, 0, 0, 0, 0, 592, 183, 1471
"c:\xampp\htdocs\dompdf\vendor\dompdf\dompdf\src\Exception.php", "PHP", 9, 0, 0, 0, 0, 0, 0, 0, 0, 16, 3, 28
"c:\xampp\htdocs\dompdf\vendor\dompdf\dompdf\src\Exception\ImageException.php", "PHP", 10, 0, 0, 0, 0, 0, 0, 0, 0, 16, 5, 31
"c:\xampp\htdocs\dompdf\vendor\dompdf\dompdf\src\FontMetrics.php", "PHP", 332, 0, 0, 0, 0, 0, 0, 0, 0, 215, 89, 636
"c:\xampp\htdocs\dompdf\vendor\dompdf\dompdf\src\Frame.php", "PHP", 678, 0, 0, 0, 0, 0, 0, 0, 0, 354, 186, 1218
"c:\xampp\htdocs\dompdf\vendor\dompdf\dompdf\src\FrameDecorator\AbstractFrameDecorator.php", "PHP", 545, 0, 0, 0, 0, 0, 0, 0, 0, 229, 150, 924
"c:\xampp\htdocs\dompdf\vendor\dompdf\dompdf\src\FrameDecorator\Block.php", "PHP", 136, 0, 0, 0, 0, 0, 0, 0, 0, 84, 37, 257
"c:\xampp\htdocs\dompdf\vendor\dompdf\dompdf\src\FrameDecorator\Image.php", "PHP", 57, 0, 0, 0, 0, 0, 0, 0, 0, 48, 16, 121
"c:\xampp\htdocs\dompdf\vendor\dompdf\dompdf\src\FrameDecorator\Inline.php", "PHP", 67, 0, 0, 0, 0, 0, 0, 0, 0, 36, 19, 122
"c:\xampp\htdocs\dompdf\vendor\dompdf\dompdf\src\FrameDecorator\ListBullet.php", "PHP", 50, 0, 0, 0, 0, 0, 0, 0, 0, 48, 20, 118
"c:\xampp\htdocs\dompdf\vendor\dompdf\dompdf\src\FrameDecorator\ListBulletImage.php", "PHP", 57, 0, 0, 0, 0, 0, 0, 0, 0, 40, 16, 113
"c:\xampp\htdocs\dompdf\vendor\dompdf\dompdf\src\FrameDecorator\NullFrameDecorator.php", "PHP", 16, 0, 0, 0, 0, 0, 0, 0, 0, 15, 3, 34
"c:\xampp\htdocs\dompdf\vendor\dompdf\dompdf\src\FrameDecorator\Page.php", "PHP", 394, 0, 0, 0, 0, 0, 0, 0, 0, 237, 123, 754
"c:\xampp\htdocs\dompdf\vendor\dompdf\dompdf\src\FrameDecorator\Table.php", "PHP", 193, 0, 0, 0, 0, 0, 0, 0, 0, 91, 60, 344
"c:\xampp\htdocs\dompdf\vendor\dompdf\dompdf\src\FrameDecorator\TableCell.php", "PHP", 82, 0, 0, 0, 0, 0, 0, 0, 0, 41, 21, 144
"c:\xampp\htdocs\dompdf\vendor\dompdf\dompdf\src\FrameDecorator\TableRow.php", "PHP", 11, 0, 0, 0, 0, 0, 0, 0, 0, 15, 3, 29
"c:\xampp\htdocs\dompdf\vendor\dompdf\dompdf\src\FrameDecorator\TableRowGroup.php", "PHP", 37, 0, 0, 0, 0, 0, 0, 0, 0, 27, 11, 75
"c:\xampp\htdocs\dompdf\vendor\dompdf\dompdf\src\FrameDecorator\Text.php", "PHP", 88, 0, 0, 0, 0, 0, 0, 0, 0, 77, 27, 192
"c:\xampp\htdocs\dompdf\vendor\dompdf\dompdf\src\FrameReflower\AbstractFrameReflower.php", "PHP", 416, 0, 0, 0, 0, 0, 0, 0, 0, 189, 101, 706
"c:\xampp\htdocs\dompdf\vendor\dompdf\dompdf\src\FrameReflower\Block.php", "PHP", 642, 0, 0, 0, 0, 0, 0, 0, 0, 161, 146, 949
"c:\xampp\htdocs\dompdf\vendor\dompdf\dompdf\src\FrameReflower\Image.php", "PHP", 129, 0, 0, 0, 0, 0, 0, 0, 0, 55, 30, 214
"c:\xampp\htdocs\dompdf\vendor\dompdf\dompdf\src\FrameReflower\Inline.php", "PHP", 114, 0, 0, 0, 0, 0, 0, 0, 0, 46, 29, 189
"c:\xampp\htdocs\dompdf\vendor\dompdf\dompdf\src\FrameReflower\ListBullet.php", "PHP", 26, 0, 0, 0, 0, 0, 0, 0, 0, 18, 8, 52
"c:\xampp\htdocs\dompdf\vendor\dompdf\dompdf\src\FrameReflower\NullFrameReflower.php", "PHP", 15, 0, 0, 0, 0, 0, 0, 0, 0, 17, 6, 38
"c:\xampp\htdocs\dompdf\vendor\dompdf\dompdf\src\FrameReflower\Page.php", "PHP", 110, 0, 0, 0, 0, 0, 0, 0, 0, 55, 35, 200
"c:\xampp\htdocs\dompdf\vendor\dompdf\dompdf\src\FrameReflower\Table.php", "PHP", 326, 0, 0, 0, 0, 0, 0, 0, 0, 103, 95, 524
"c:\xampp\htdocs\dompdf\vendor\dompdf\dompdf\src\FrameReflower\TableCell.php", "PHP", 96, 0, 0, 0, 0, 0, 0, 0, 0, 31, 35, 162
"c:\xampp\htdocs\dompdf\vendor\dompdf\dompdf\src\FrameReflower\TableRow.php", "PHP", 45, 0, 0, 0, 0, 0, 0, 0, 0, 24, 14, 83
"c:\xampp\htdocs\dompdf\vendor\dompdf\dompdf\src\FrameReflower\TableRowGroup.php", "PHP", 36, 0, 0, 0, 0, 0, 0, 0, 0, 22, 14, 72
"c:\xampp\htdocs\dompdf\vendor\dompdf\dompdf\src\FrameReflower\Text.php", "PHP", 370, 0, 0, 0, 0, 0, 0, 0, 0, 154, 88, 612
"c:\xampp\htdocs\dompdf\vendor\dompdf\dompdf\src\Frame\Factory.php", "PHP", 172, 0, 0, 0, 0, 0, 0, 0, 0, 51, 40, 263
"c:\xampp\htdocs\dompdf\vendor\dompdf\dompdf\src\Frame\FrameListIterator.php", "PHP", 49, 0, 0, 0, 0, 0, 0, 0, 0, 39, 13, 101
"c:\xampp\htdocs\dompdf\vendor\dompdf\dompdf\src\Frame\FrameTree.php", "PHP", 173, 0, 0, 0, 0, 0, 0, 0, 0, 118, 34, 325
"c:\xampp\htdocs\dompdf\vendor\dompdf\dompdf\src\Frame\FrameTreeIterator.php", "PHP", 43, 0, 0, 0, 0, 0, 0, 0, 0, 34, 12, 89
"c:\xampp\htdocs\dompdf\vendor\dompdf\dompdf\src\Helpers.php", "PHP", 711, 0, 0, 0, 0, 0, 0, 0, 0, 258, 125, 1094
"c:\xampp\htdocs\dompdf\vendor\dompdf\dompdf\src\Image\Cache.php", "PHP", 192, 0, 0, 0, 0, 0, 0, 0, 0, 62, 36, 290
"c:\xampp\htdocs\dompdf\vendor\dompdf\dompdf\src\JavascriptEmbedder.php", "PHP", 21, 0, 0, 0, 0, 0, 0, 0, 0, 24, 7, 52
"c:\xampp\htdocs\dompdf\vendor\dompdf\dompdf\src\LineBox.php", "PHP", 215, 0, 0, 0, 0, 0, 0, 0, 0, 125, 73, 413
"c:\xampp\htdocs\dompdf\vendor\dompdf\dompdf\src\Options.php", "PHP", 562, 0, 0, 0, 0, 0, 0, 0, 0, 488, 110, 1160
"c:\xampp\htdocs\dompdf\vendor\dompdf\dompdf\src\PhpEvaluator.php", "PHP", 28, 0, 0, 0, 0, 0, 0, 0, 0, 26, 9, 63
"c:\xampp\htdocs\dompdf\vendor\dompdf\dompdf\src\Positioner\Absolute.php", "PHP", 74, 0, 0, 0, 0, 0, 0, 0, 0, 41, 14, 129
"c:\xampp\htdocs\dompdf\vendor\dompdf\dompdf\src\Positioner\AbstractPositioner.php", "PHP", 21, 0, 0, 0, 0, 0, 0, 0, 0, 21, 7, 49
"c:\xampp\htdocs\dompdf\vendor\dompdf\dompdf\src\Positioner\Block.php", "PHP", 23, 0, 0, 0, 0, 0, 0, 0, 0, 10, 8, 41
"c:\xampp\htdocs\dompdf\vendor\dompdf\dompdf\src\Positioner\Fixed.php", "PHP", 66, 0, 0, 0, 0, 0, 0, 0, 0, 16, 11, 93
"c:\xampp\htdocs\dompdf\vendor\dompdf\dompdf\src\Positioner\Inline.php", "PHP", 27, 0, 0, 0, 0, 0, 0, 0, 0, 17, 9, 53
"c:\xampp\htdocs\dompdf\vendor\dompdf\dompdf\src\Positioner\ListBullet.php", "PHP", 19, 0, 0, 0, 0, 0, 0, 0, 0, 18, 6, 43
"c:\xampp\htdocs\dompdf\vendor\dompdf\dompdf\src\Positioner\NullPositioner.php", "PHP", 10, 0, 0, 0, 0, 0, 0, 0, 0, 13, 4, 27
"c:\xampp\htdocs\dompdf\vendor\dompdf\dompdf\src\Positioner\TableCell.php", "PHP", 13, 0, 0, 0, 0, 0, 0, 0, 0, 13, 4, 30
"c:\xampp\htdocs\dompdf\vendor\dompdf\dompdf\src\Positioner\TableRow.php", "PHP", 17, 0, 0, 0, 0, 0, 0, 0, 0, 13, 5, 35
"c:\xampp\htdocs\dompdf\vendor\dompdf\dompdf\src\Renderer.php", "PHP", 181, 0, 0, 0, 0, 0, 0, 0, 0, 56, 55, 292
"c:\xampp\htdocs\dompdf\vendor\dompdf\dompdf\src\Renderer\AbstractRenderer.php", "PHP", 780, 0, 0, 0, 0, 0, 0, 0, 0, 289, 176, 1245
"c:\xampp\htdocs\dompdf\vendor\dompdf\dompdf\src\Renderer\Block.php", "PHP", 55, 0, 0, 0, 0, 0, 0, 0, 0, 16, 18, 89
"c:\xampp\htdocs\dompdf\vendor\dompdf\dompdf\src\Renderer\Image.php", "PHP", 62, 0, 0, 0, 0, 0, 0, 0, 0, 14, 15, 91
"c:\xampp\htdocs\dompdf\vendor\dompdf\dompdf\src\Renderer\Inline.php", "PHP", 84, 0, 0, 0, 0, 0, 0, 0, 0, 19, 24, 127
"c:\xampp\htdocs\dompdf\vendor\dompdf\dompdf\src\Renderer\ListBullet.php", "PHP", 172, 0, 0, 0, 0, 0, 0, 0, 0, 28, 36, 236
"c:\xampp\htdocs\dompdf\vendor\dompdf\dompdf\src\Renderer\TableCell.php", "PHP", 123, 0, 0, 0, 0, 0, 0, 0, 0, 29, 37, 189
"c:\xampp\htdocs\dompdf\vendor\dompdf\dompdf\src\Renderer\TableRowGroup.php", "PHP", 19, 0, 0, 0, 0, 0, 0, 0, 0, 13, 9, 41
"c:\xampp\htdocs\dompdf\vendor\dompdf\dompdf\src\Renderer\Text.php", "PHP", 92, 0, 0, 0, 0, 0, 0, 0, 0, 33, 34, 159
"c:\xampp\htdocs\dompdf\vendor\masterminds\html5\README.md", "Markdown", 0, 0, 0, 0, 207, 0, 0, 0, 0, 0, 64, 271
"c:\xampp\htdocs\dompdf\vendor\masterminds\html5\RELEASE.md", "Markdown", 0, 0, 0, 0, 115, 0, 0, 0, 0, 0, 43, 158
"c:\xampp\htdocs\dompdf\vendor\masterminds\html5\UPGRADING.md", "Markdown", 0, 0, 0, 0, 12, 0, 0, 0, 0, 0, 10, 22
"c:\xampp\htdocs\dompdf\vendor\masterminds\html5\bin\entities.php", "PHP", 16, 0, 0, 0, 0, 0, 0, 0, 0, 6, 5, 27
"c:\xampp\htdocs\dompdf\vendor\masterminds\html5\composer.json", "JSON", 0, 0, 0, 0, 0, 40, 0, 0, 0, 0, 1, 41
"c:\xampp\htdocs\dompdf\vendor\masterminds\html5\src\HTML5.php", "PHP", 97, 0, 0, 0, 0, 0, 0, 0, 0, 123, 27, 247
"c:\xampp\htdocs\dompdf\vendor\masterminds\html5\src\HTML5\Elements.php", "PHP", 420, 0, 0, 0, 0, 0, 0, 0, 0, 170, 30, 620
"c:\xampp\htdocs\dompdf\vendor\masterminds\html5\src\HTML5\Entities.php", "PHP", 2230, 0, 0, 0, 0, 0, 0, 0, 0, 4, 3, 2237
"c:\xampp\htdocs\dompdf\vendor\masterminds\html5\src\HTML5\Exception.php", "PHP", 5, 0, 0, 0, 0, 0, 0, 0, 0, 3, 3, 11
"c:\xampp\htdocs\dompdf\vendor\masterminds\html5\src\HTML5\InstructionProcessor.php", "PHP", 6, 0, 0, 0, 0, 0, 0, 0, 0, 33, 3, 42
"c:\xampp\htdocs\dompdf\vendor\masterminds\html5\src\HTML5\Parser\CharacterReference.php", "PHP", 25, 0, 0, 0, 0, 0, 0, 0, 0, 29, 8, 62
"c:\xampp\htdocs\dompdf\vendor\masterminds\html5\src\HTML5\Parser\DOMTreeBuilder.php", "PHP", 398, 0, 0, 0, 0, 0, 0, 0, 0, 182, 126, 706
"c:\xampp\htdocs\dompdf\vendor\masterminds\html5\src\HTML5\Parser\EventHandler.php", "PHP", 17, 0, 0, 0, 0, 0, 0, 0, 0, 84, 14, 115
"c:\xampp\htdocs\dompdf\vendor\masterminds\html5\src\HTML5\Parser\FileInputStream.php", "PHP", 10, 0, 0, 0, 0, 0, 0, 0, 0, 20, 4, 34
"c:\xampp\htdocs\dompdf\vendor\masterminds\html5\src\HTML5\Parser\InputStream.php", "PHP", 12, 0, 0, 0, 0, 0, 0, 0, 0, 67, 9, 88
"c:\xampp\htdocs\dompdf\vendor\masterminds\html5\src\HTML5\Parser\ParseError.php", "PHP", 5, 0, 0, 0, 0, 0, 0, 0, 0, 3, 3, 11
"c:\xampp\htdocs\dompdf\vendor\masterminds\html5\src\HTML5\Parser\README.md", "Markdown", 0, 0, 0, 0, 36, 0, 0, 0, 0, 0, 18, 54
"c:\xampp\htdocs\dompdf\vendor\masterminds\html5\src\HTML5\Parser\Scanner.php", "PHP", 167, 0, 0, 0, 0, 0, 0, 0, 0, 196, 54, 417
"c:\xampp\htdocs\dompdf\vendor\masterminds\html5\src\HTML5\Parser\StringInputStream.php", "PHP", 133, 0, 0, 0, 0, 0, 0, 0, 0, 160, 39, 332
"c:\xampp\htdocs\dompdf\vendor\masterminds\html5\src\HTML5\Parser\Tokenizer.php", "PHP", 666, 0, 0, 0, 0, 0, 0, 0, 0, 361, 188, 1215
"c:\xampp\htdocs\dompdf\vendor\masterminds\html5\src\HTML5\Parser\TreeBuildingRules.php", "PHP", 95, 0, 0, 0, 0, 0, 0, 0, 0, 21, 12, 128
"c:\xampp\htdocs\dompdf\vendor\masterminds\html5\src\HTML5\Parser\UTF8Utils.php", "PHP", 61, 0, 0, 0, 0, 0, 0, 0, 0, 99, 18, 178
"c:\xampp\htdocs\dompdf\vendor\masterminds\html5\src\HTML5\Serializer\HTML5Entities.php", "PHP", 1517, 0, 0, 0, 0, 0, 0, 0, 0, 14, 3, 1534
"c:\xampp\htdocs\dompdf\vendor\masterminds\html5\src\HTML5\Serializer\OutputRules.php", "PHP", 344, 0, 0, 0, 0, 0, 0, 0, 0, 142, 68, 554
"c:\xampp\htdocs\dompdf\vendor\masterminds\html5\src\HTML5\Serializer\README.md", "Markdown", 0, 0, 0, 0, 22, 0, 0, 0, 0, 0, 11, 33
"c:\xampp\htdocs\dompdf\vendor\masterminds\html5\src\HTML5\Serializer\RulesInterface.php", "PHP", 13, 0, 0, 0, 0, 0, 0, 0, 0, 77, 10, 100
"c:\xampp\htdocs\dompdf\vendor\masterminds\html5\src\HTML5\Serializer\Traverser.php", "PHP", 76, 0, 0, 0, 0, 0, 0, 0, 0, 51, 16, 143
"c:\xampp\htdocs\dompdf\vendor\phenx\php-font-lib\.github\workflows\phpunit.yml", "YAML", 0, 0, 0, 0, 0, 0, 0, 0, 35, 0, 10, 45
"c:\xampp\htdocs\dompdf\vendor\phenx\php-font-lib\README.md", "Markdown", 0, 0, 0, 0, 22, 0, 0, 0, 0, 0, 7, 29
"c:\xampp\htdocs\dompdf\vendor\phenx\php-font-lib\bower.json", "JSON", 0, 0, 0, 0, 0, 23, 0, 0, 0, 0, 0, 23
"c:\xampp\htdocs\dompdf\vendor\phenx\php-font-lib\composer.json", "JSON", 0, 0, 0, 0, 0, 32, 0, 0, 0, 0, 1, 33
"c:\xampp\htdocs\dompdf\vendor\phenx\php-font-lib\index.php", "PHP", 1, 0, 0, 0, 0, 0, 0, 0, 0, 0, 0, 1
"c:\xampp\htdocs\dompdf\vendor\phenx\php-font-lib\src\FontLib\AdobeFontMetrics.php", "PHP", 155, 0, 0, 0, 0, 0, 0, 0, 0, 14, 49, 218
"c:\xampp\htdocs\dompdf\vendor\phenx\php-font-lib\src\FontLib\Autoloader.php", "PHP", 19, 0, 0, 0, 0, 0, 0, 0, 0, 19, 5, 43
"c:\xampp\htdocs\dompdf\vendor\phenx\php-font-lib\src\FontLib\BinaryStream.php", "PHP", 291, 0, 0, 0, 0, 0, 0, 0, 0, 86, 73, 450
"c:\xampp\htdocs\dompdf\vendor\phenx\php-font-lib\src\FontLib\EOT\File.php", "PHP", 68, 0, 0, 0, 0, 0, 0, 0, 0, 70, 22, 160
"c:\xampp\htdocs\dompdf\vendor\phenx\php-font-lib\src\FontLib\EOT\Header.php", "PHP", 78, 0, 0, 0, 0, 0, 0, 0, 0, 15, 20, 113
"c:\xampp\htdocs\dompdf\vendor\phenx\php-font-lib\src\FontLib\EncodingMap.php", "PHP", 19, 0, 0, 0, 0, 0, 0, 0, 0, 11, 8, 38
"c:\xampp\htdocs\dompdf\vendor\phenx\php-font-lib\src\FontLib\Exception\FontNotFoundException.php", "PHP", 9, 0, 0, 0, 0, 0, 0, 0, 0, 0, 2, 11
"c:\xampp\htdocs\dompdf\vendor\phenx\php-font-lib\src\FontLib\Font.php", "PHP", 53, 0, 0, 0, 0, 0, 0, 0, 0, 18, 19, 90
"c:\xampp\htdocs\dompdf\vendor\phenx\php-font-lib\src\FontLib\Glyph\Outline.php", "PHP", 57, 0, 0, 0, 0, 0, 0, 0, 0, 32, 21, 110
"c:\xampp\htdocs\dompdf\vendor\phenx\php-font-lib\src\FontLib\Glyph\OutlineComponent.php", "PHP", 17, 0, 0, 0, 0, 0, 0, 0, 0, 12, 2, 31
"c:\xampp\htdocs\dompdf\vendor\phenx\php-font-lib\src\FontLib\Glyph\OutlineComposite.php", "PHP", 181, 0, 0, 0, 0, 0, 0, 0, 0, 23, 38, 242
"c:\xampp\htdocs\dompdf\vendor\phenx\php-font-lib\src\FontLib\Glyph\OutlineSimple.php", "PHP", 251, 0, 0, 0, 0, 0, 0, 0, 0, 23, 62, 336
"c:\xampp\htdocs\dompdf\vendor\phenx\php-font-lib\src\FontLib\Header.php", "PHP", 17, 0, 0, 0, 0, 0, 0, 0, 0, 14, 6, 37
"c:\xampp\htdocs\dompdf\vendor\phenx\php-font-lib\src\FontLib\OpenType\File.php", "PHP", 4, 0, 0, 0, 0, 0, 0, 0, 0, 12, 3, 19
"c:\xampp\htdocs\dompdf\vendor\phenx\php-font-lib\src\FontLib\OpenType\TableDirectoryEntry.php", "PHP", 4, 0, 0, 0, 0, 0, 0, 0, 0, 11, 4, 19
"c:\xampp\htdocs\dompdf\vendor\phenx\php-font-lib\src\FontLib\Table\DirectoryEntry.php", "PHP", 75, 0, 0, 0, 0, 0, 0, 0, 0, 29, 31, 135
"c:\xampp\htdocs\dompdf\vendor\phenx\php-font-lib\src\FontLib\Table\Table.php", "PHP", 57, 0, 0, 0, 0, 0, 0, 0, 0, 17, 19, 93
"c:\xampp\htdocs\dompdf\vendor\phenx\php-font-lib\src\FontLib\Table\Type\cmap.php", "PHP", 216, 0, 0, 0, 0, 0, 0, 0, 0, 16, 67, 299
"c:\xampp\htdocs\dompdf\vendor\phenx\php-font-lib\src\FontLib\Table\Type\glyf.php", "PHP", 109, 0, 0, 0, 0, 0, 0, 0, 0, 12, 33, 154
"c:\xampp\htdocs\dompdf\vendor\phenx\php-font-lib\src\FontLib\Table\Type\head.php", "PHP", 31, 0, 0, 0, 0, 0, 0, 0, 0, 11, 4, 46
"c:\xampp\htdocs\dompdf\vendor\phenx\php-font-lib\src\FontLib\Table\Type\hhea.php", "PHP", 29, 0, 0, 0, 0, 0, 0, 0, 0, 11, 4, 44
"c:\xampp\htdocs\dompdf\vendor\phenx\php-font-lib\src\FontLib\Table\Type\hmtx.php", "PHP", 37, 0, 0, 0, 0, 0, 0, 0, 0, 11, 11, 59
"c:\xampp\htdocs\dompdf\vendor\phenx\php-font-lib\src\FontLib\Table\Type\kern.php", "PHP", 51, 0, 0, 0, 0, 0, 0, 0, 0, 13, 16, 80
"c:\xampp\htdocs\dompdf\vendor\phenx\php-font-lib\src\FontLib\Table\Type\loca.php", "PHP", 50, 0, 0, 0, 0, 0, 0, 0, 0, 15, 15, 80
"c:\xampp\htdocs\dompdf\vendor\phenx\php-font-lib\src\FontLib\Table\Type\maxp.php", "PHP", 27, 0, 0, 0, 0, 0, 0, 0, 0, 11, 4, 42
"c:\xampp\htdocs\dompdf\vendor\phenx\php-font-lib\src\FontLib\Table\Type\name.php", "PHP", 149, 0, 0, 0, 0, 0, 0, 0, 0, 20, 25, 194
"c:\xampp\htdocs\dompdf\vendor\phenx\php-font-lib\src\FontLib\Table\Type\nameRecord.php", "PHP", 35, 0, 0, 0, 0, 0, 0, 0, 0, 11, 7, 53
"c:\xampp\htdocs\dompdf\vendor\phenx\php-font-lib\src\FontLib\Table\Type\os2.php", "PHP", 34, 0, 0, 0, 0, 0, 0, 0, 0, 11, 2, 47
"c:\xampp\htdocs\dompdf\vendor\phenx\php-font-lib\src\FontLib\Table\Type\post.php", "PHP", 62, 0, 0, 0, 0, 0, 0, 0, 0, 62, 19, 143
"c:\xampp\htdocs\dompdf\vendor\phenx\php-font-lib\src\FontLib\TrueType\Collection.php", "PHP", 57, 0, 0, 0, 0, 0, 0, 0, 0, 22, 22, 101
"c:\xampp\htdocs\dompdf\vendor\phenx\php-font-lib\src\FontLib\TrueType\File.php", "PHP", 318, 0, 0, 0, 0, 0, 0, 0, 0, 71, 83, 472
"c:\xampp\htdocs\dompdf\vendor\phenx\php-font-lib\src\FontLib\TrueType\Header.php", "PHP", 16, 0, 0, 0, 0, 0, 0, 0, 0, 11, 4, 31
"c:\xampp\htdocs\dompdf\vendor\phenx\php-font-lib\src\FontLib\TrueType\TableDirectoryEntry.php", "PHP", 16, 0, 0, 0, 0, 0, 0, 0, 0, 11, 7, 34
"c:\xampp\htdocs\dompdf\vendor\phenx\php-font-lib\src\FontLib\WOFF\File.php", "PHP", 46, 0, 0, 0, 0, 0, 0, 0, 0, 19, 17, 82
"c:\xampp\htdocs\dompdf\vendor\phenx\php-font-lib\src\FontLib\WOFF\Header.php", "PHP", 19, 0, 0, 0, 0, 0, 0, 0, 0, 11, 2, 32
"c:\xampp\htdocs\dompdf\vendor\phenx\php-font-lib\src\FontLib\WOFF\TableDirectoryEntry.php", "PHP", 17, 0, 0, 0, 0, 0, 0, 0, 0, 11, 7, 35
"c:\xampp\htdocs\dompdf\vendor\phenx\php-svg-lib\README.md", "Markdown", 0, 0, 0, 0, 8, 0, 0, 0, 0, 0, 6, 14
"c:\xampp\htdocs\dompdf\vendor\phenx\php-svg-lib\SECURITY.md", "Markdown", 0, 0, 0, 0, 12, 0, 0, 0, 0, 0, 5, 17
"c:\xampp\htdocs\dompdf\vendor\phenx\php-svg-lib\composer.json", "JSON", 0, 0, 0, 0, 0, 31, 0, 0, 0, 0, 1, 32
"c:\xampp\htdocs\dompdf\vendor\phenx\php-svg-lib\src\Svg\CssLength.php", "PHP", 72, 0, 0, 0, 0, 0, 0, 0, 0, 48, 15, 135
"c:\xampp\htdocs\dompdf\vendor\phenx\php-svg-lib\src\Svg\DefaultStyle.php", "PHP", 19, 0, 0, 0, 0, 0, 0, 0, 0, 6, 5, 30
"c:\xampp\htdocs\dompdf\vendor\phenx\php-svg-lib\src\Svg\Document.php", "PHP", 302, 0, 0, 0, 0, 0, 0, 0, 0, 25, 82, 409
"c:\xampp\htdocs\dompdf\vendor\phenx\php-svg-lib\src\Svg\Gradient\Stop.php", "PHP", 8, 0, 0, 0, 0, 0, 0, 0, 0, 6, 3, 17
"c:\xampp\htdocs\dompdf\vendor\phenx\php-svg-lib\src\Svg\Style.php", "PHP", 454, 0, 0, 0, 0, 0, 0, 0, 0, 32, 66, 552
"c:\xampp\htdocs\dompdf\vendor\phenx\php-svg-lib\src\Svg\Surface\CPdf.php", "PHP", 3888, 0, 0, 0, 0, 0, 0, 0, 0, 1609, 922, 6419
"c:\xampp\htdocs\dompdf\vendor\phenx\php-svg-lib\src\Svg\Surface\SurfaceCpdf.php", "PHP", 367, 0, 0, 0, 0, 0, 0, 0, 0, 24, 105, 496
"c:\xampp\htdocs\dompdf\vendor\phenx\php-svg-lib\src\Svg\Surface\SurfaceInterface.php", "PHP", 37, 0, 0, 0, 0, 0, 0, 0, 0, 20, 34, 91
"c:\xampp\htdocs\dompdf\vendor\phenx\php-svg-lib\src\Svg\Surface\SurfacePDFLib.php", "PHP", 318, 0, 0, 0, 0, 0, 0, 0, 0, 26, 87, 431
"c:\xampp\htdocs\dompdf\vendor\phenx\php-svg-lib\src\Svg\Tag\AbstractTag.php", "PHP", 164, 0, 0, 0, 0, 0, 0, 0, 0, 32, 41, 237
"c:\xampp\htdocs\dompdf\vendor\phenx\php-svg-lib\src\Svg\Tag\Anchor.php", "PHP", 5, 0, 0, 0, 0, 0, 0, 0, 0, 6, 4, 15
"c:\xampp\htdocs\dompdf\vendor\phenx\php-svg-lib\src\Svg\Tag\Circle.php", "PHP", 25, 0, 0, 0, 0, 0, 0, 0, 0, 6, 6, 37
"c:\xampp\htdocs\dompdf\vendor\phenx\php-svg-lib\src\Svg\Tag\ClipPath.php", "PHP", 19, 0, 0, 0, 0, 0, 0, 0, 0, 6, 9, 34
"c:\xampp\htdocs\dompdf\vendor\phenx\php-svg-lib\src\Svg\Tag\Ellipse.php", "PHP", 29, 0, 0, 0, 0, 0, 0, 0, 0, 6, 8, 43
"c:\xampp\htdocs\dompdf\vendor\phenx\php-svg-lib\src\Svg\Tag\Group.php", "PHP", 19, 0, 0, 0, 0, 0, 0, 0, 0, 6, 9, 34
"c:\xampp\htdocs\dompdf\vendor\phenx\php-svg-lib\src\Svg\Tag\Image.php", "PHP", 51, 0, 0, 0, 0, 0, 0, 0, 0, 6, 16, 73
"c:\xampp\htdocs\dompdf\vendor\phenx\php-svg-lib\src\Svg\Tag\Line.php", "PHP", 30, 0, 0, 0, 0, 0, 0, 0, 0, 6, 8, 44
"c:\xampp\htdocs\dompdf\vendor\phenx\php-svg-lib\src\Svg\Tag\LinearGradient.php", "PHP", 59, 0, 0, 0, 0, 0, 0, 0, 0, 9, 16, 84
"c:\xampp\htdocs\dompdf\vendor\phenx\php-svg-lib\src\Svg\Tag\Path.php", "PHP", 472, 0, 0, 0, 0, 0, 0, 0, 0, 31, 74, 577
"c:\xampp\htdocs\dompdf\vendor\phenx\php-svg-lib\src\Svg\Tag\Polygon.php", "PHP", 27, 0, 0, 0, 0, 0, 0, 0, 0, 8, 8, 43
"c:\xampp\htdocs\dompdf\vendor\phenx\php-svg-lib\src\Svg\Tag\Polyline.php", "PHP", 26, 0, 0, 0, 0, 0, 0, 0, 0, 8, 7, 41
"c:\xampp\htdocs\dompdf\vendor\phenx\php-svg-lib\src\Svg\Tag\RadialGradient.php", "PHP", 8, 0, 0, 0, 0, 0, 0, 0, 0, 6, 4, 18
"c:\xampp\htdocs\dompdf\vendor\phenx\php-svg-lib\src\Svg\Tag\Rect.php", "PHP", 36, 0, 0, 0, 0, 0, 0, 0, 0, 6, 9, 51
"c:\xampp\htdocs\dompdf\vendor\phenx\php-svg-lib\src\Svg\Tag\Shape.php", "PHP", 38, 0, 0, 0, 0, 0, 0, 0, 0, 12, 13, 63
"c:\xampp\htdocs\dompdf\vendor\phenx\php-svg-lib\src\Svg\Tag\Stop.php", "PHP", 8, 0, 0, 0, 0, 0, 0, 0, 0, 6, 4, 18
"c:\xampp\htdocs\dompdf\vendor\phenx\php-svg-lib\src\Svg\Tag\StyleTag.php", "PHP", 16, 0, 0, 0, 0, 0, 0, 0, 0, 6, 6, 28
"c:\xampp\htdocs\dompdf\vendor\phenx\php-svg-lib\src\Svg\Tag\Text.php", "PHP", 53, 0, 0, 0, 0, 0, 0, 0, 0, 6, 14, 73
"c:\xampp\htdocs\dompdf\vendor\phenx\php-svg-lib\src\Svg\Tag\UseTag.php", "PHP", 87, 0, 0, 0, 0, 0, 0, 0, 0, 9, 27, 123
"c:\xampp\htdocs\dompdf\vendor\sabberworm\php-css-parser\CHANGELOG.md", "Markdown", 0, 0, 0, 0, 161, 0, 0, 0, 0, 0, 81, 242
"c:\xampp\htdocs\dompdf\vendor\sabberworm\php-css-parser\README.md", "Markdown", 0, 0, 0, 0, 546, 0, 0, 0, 0, 0, 87, 633
"c:\xampp\htdocs\dompdf\vendor\sabberworm\php-css-parser\composer.json", "JSON", 0, 0, 0, 0, 0, 69, 0, 0, 0, 0, 1, 70
"c:\xampp\htdocs\dompdf\vendor\sabberworm\php-css-parser\src\CSSList\AtRuleBlockList.php", "PHP", 44, 0, 0, 0, 0, 0, 0, 0, 0, 29, 11, 84
"c:\xampp\htdocs\dompdf\vendor\sabberworm\php-css-parser\src\CSSList\CSSBlockList.php", "PHP", 101, 0, 0, 0, 0, 0, 0, 0, 0, 35, 8, 144
"c:\xampp\htdocs\dompdf\vendor\sabberworm\php-css-parser\src\CSSList\CSSList.php", "PHP", 318, 0, 0, 0, 0, 0, 0, 0, 0, 134, 28, 480
"c:\xampp\htdocs\dompdf\vendor\sabberworm\php-css-parser\src\CSSList\Document.php", "PHP", 80, 0, 0, 0, 0, 0, 0, 0, 0, 79, 14, 173
"c:\xampp\htdocs\dompdf\vendor\sabberworm\php-css-parser\src\CSSList\KeyFrame.php", "PHP", 54, 0, 0, 0, 0, 0, 0, 0, 0, 36, 15, 105
"c:\xampp\htdocs\dompdf\vendor\sabberworm\php-css-parser\src\Comment\Comment.php", "PHP", 34, 0, 0, 0, 0, 0, 0, 0, 0, 27, 11, 72
"c:\xampp\htdocs\dompdf\vendor\sabberworm\php-css-parser\src\Comment\Commentable.php", "PHP", 8, 0, 0, 0, 0, 0, 0, 0, 0, 13, 5, 26
"c:\xampp\htdocs\dompdf\vendor\sabberworm\php-css-parser\src\OutputFormat.php", "PHP", 134, 0, 0, 0, 0, 0, 0, 0, 0, 161, 40, 335
"c:\xampp\htdocs\dompdf\vendor\sabberworm\php-css-parser\src\OutputFormatter.php", "PHP", 127, 0, 0, 0, 0, 0, 0, 0, 0, 82, 23, 232
"c:\xampp\htdocs\dompdf\vendor\sabberworm\php-css-parser\src\Parser.php", "PHP", 28, 0, 0, 0, 0, 0, 0, 0, 0, 25, 8, 61
"c:\xampp\htdocs\dompdf\vendor\sabberworm\php-css-parser\src\Parsing\OutputException.php", "PHP", 9, 0, 0, 0, 0, 0, 0, 0, 0, 7, 3, 19
"c:\xampp\htdocs\dompdf\vendor\sabberworm\php-css-parser\src\Parsing\ParserState.php", "PHP", 318, 0, 0, 0, 0, 0, 0, 0, 0, 159, 40, 517
"c:\xampp\htdocs\dompdf\vendor\sabberworm\php-css-parser\src\Parsing\SourceException.php", "PHP", 18, 0, 0, 0, 0, 0, 0, 0, 0, 10, 5, 33
"c:\xampp\htdocs\dompdf\vendor\sabberworm\php-css-parser\src\Parsing\UnexpectedEOFException.php", "PHP", 5, 0, 0, 0, 0, 0, 0, 0, 0, 5, 3, 13
"c:\xampp\htdocs\dompdf\vendor\sabberworm\php-css-parser\src\Parsing\UnexpectedTokenException.php", "PHP", 25, 0, 0, 0, 0, 0, 0, 0, 0, 20, 7, 52
"c:\xampp\htdocs\dompdf\vendor\sabberworm\php-css-parser\src\Property\AtRule.php", "PHP", 11, 0, 0, 0, 0, 0, 0, 0, 0, 17, 7, 35
"c:\xampp\htdocs\dompdf\vendor\sabberworm\php-css-parser\src\Property\CSSNamespace.php", "PHP", 71, 0, 0, 0, 0, 0, 0, 0, 0, 64, 20, 155
"c:\xampp\htdocs\dompdf\vendor\sabberworm\php-css-parser\src\Property\Charset.php", "PHP", 56, 0, 0, 0, 0, 0, 0, 0, 0, 57, 17, 130
"c:\xampp\htdocs\dompdf\vendor\sabberworm\php-css-parser\src\Property\Import.php", "PHP", 64, 0, 0, 0, 0, 0, 0, 0, 0, 56, 18, 138
"c:\xampp\htdocs\dompdf\vendor\sabberworm\php-css-parser\src\Property\KeyframeSelector.php", "PHP", 16, 0, 0, 0, 0, 0, 0, 0, 0, 5, 3, 24
"c:\xampp\htdocs\dompdf\vendor\sabberworm\php-css-parser\src\Property\Selector.php", "PHP", 77, 0, 0, 0, 0, 0, 0, 0, 0, 49, 13, 139
"c:\xampp\htdocs\dompdf\vendor\sabberworm\php-css-parser\src\Renderable.php", "PHP", 8, 0, 0, 0, 0, 0, 0, 0, 0, 9, 5, 22
"c:\xampp\htdocs\dompdf\vendor\sabberworm\php-css-parser\src\RuleSet\AtRuleSet.php", "PHP", 38, 0, 0, 0, 0, 0, 0, 0, 0, 26, 10, 74
"c:\xampp\htdocs\dompdf\vendor\sabberworm\php-css-parser\src\RuleSet\DeclarationBlock.php", "PHP", 656, 0, 0, 0, 0, 0, 0, 0, 0, 149, 27, 832
"c:\xampp\htdocs\dompdf\vendor\sabberworm\php-css-parser\src\RuleSet\RuleSet.php", "PHP", 189, 0, 0, 0, 0, 0, 0, 0, 0, 114, 24, 327
"c:\xampp\htdocs\dompdf\vendor\sabberworm\php-css-parser\src\Rule\Rule.php", "PHP", 225, 0, 0, 0, 0, 0, 0, 0, 0, 134, 34, 393
"c:\xampp\htdocs\dompdf\vendor\sabberworm\php-css-parser\src\Settings.php", "PHP", 35, 0, 0, 0, 0, 0, 0, 0, 0, 44, 11, 90
"c:\xampp\htdocs\dompdf\vendor\sabberworm\php-css-parser\src\Value\CSSFunction.php", "PHP", 38, 0, 0, 0, 0, 0, 0, 0, 0, 26, 10, 74
"c:\xampp\htdocs\dompdf\vendor\sabberworm\php-css-parser\src\Value\CSSString.php", "PHP", 67, 0, 0, 0, 0, 0, 0, 0, 0, 29, 10, 106
"c:\xampp\htdocs\dompdf\vendor\sabberworm\php-css-parser\src\Value\CalcFunction.php", "PHP", 72, 0, 0, 0, 0, 0, 0, 0, 0, 12, 6, 90
"c:\xampp\htdocs\dompdf\vendor\sabberworm\php-css-parser\src\Value\CalcRuleValueList.php", "PHP", 14, 0, 0, 0, 0, 0, 0, 0, 0, 6, 5, 25
"c:\xampp\htdocs\dompdf\vendor\sabberworm\php-css-parser\src\Value\Color.php", "PHP", 113, 0, 0, 0, 0, 0, 0, 0, 0, 38, 16, 167
"c:\xampp\htdocs\dompdf\vendor\sabberworm\php-css-parser\src\Value\LineName.php", "PHP", 43, 0, 0, 0, 0, 0, 0, 0, 0, 16, 7, 66
"c:\xampp\htdocs\dompdf\vendor\sabberworm\php-css-parser\src\Value\PrimitiveValue.php", "PHP", 9, 0, 0, 0, 0, 0, 0, 0, 0, 3, 3, 15
"c:\xampp\htdocs\dompdf\vendor\sabberworm\php-css-parser\src\Value\RuleValueList.php", "PHP", 9, 0, 0, 0, 0, 0, 0, 0, 0, 4, 3, 16
"c:\xampp\htdocs\dompdf\vendor\sabberworm\php-css-parser\src\Value\Size.php", "PHP", 114, 0, 0, 0, 0, 0, 0, 0, 0, 71, 25, 210
"c:\xampp\htdocs\dompdf\vendor\sabberworm\php-css-parser\src\Value\URL.php", "PHP", 48, 0, 0, 0, 0, 0, 0, 0, 0, 25, 10, 83
"c:\xampp\htdocs\dompdf\vendor\sabberworm\php-css-parser\src\Value\Value.php", "PHP", 138, 0, 0, 0, 0, 0, 0, 0, 0, 48, 13, 199
"c:\xampp\htdocs\dompdf\vendor\sabberworm\php-css-parser\src\Value\ValueList.php", "PHP", 49, 0, 0, 0, 0, 0, 0, 0, 0, 39, 13, 101
"c:\xampp\htdocs\errores\403.php", "PHP", 44, 0, 0, 0, 0, 0, 0, 0, 0, 0, 6, 50
"c:\xampp\htdocs\errores\404.php", "PHP", 44, 0, 0, 0, 0, 0, 0, 0, 0, 0, 6, 50
"c:\xampp\htdocs\fonts\fontawesome-webfont.svg", "XML", 0, 0, 0, 655, 0, 0, 0, 0, 0, 0, 0, 655
"c:\xampp\htdocs\fonts\glyphicons-halflings-regular.svg", "XML", 0, 0, 0, 288, 0, 0, 0, 0, 0, 0, 0, 288
"c:\xampp\htdocs\images\Acciones\Adelante.svg", "XML", 0, 0, 0, 24, 0, 0, 0, 0, 0, 1, 1, 26
"c:\xampp\htdocs\images\Acciones\Ajustes.svg", "XML", 0, 0, 0, 54, 0, 0, 0, 0, 0, 1, 1, 56
"c:\xampp\htdocs\images\Acciones\Atras.svg", "XML", 0, 0, 0, 24, 0, 0, 0, 0, 0, 1, 1, 26
"c:\xampp\htdocs\images\Acciones\Avanzar.svg", "XML", 0, 0, 0, 35, 0, 0, 0, 0, 0, 1, 1, 37
"c:\xampp\htdocs\images\Acciones\Buscar.svg", "XML", 0, 0, 0, 28, 0, 0, 0, 0, 0, 1, 1, 30
"c:\xampp\htdocs\images\Acciones\Busqueda.svg", "XML", 0, 0, 0, 28, 0, 0, 0, 0, 0, 1, 1, 30
"c:\xampp\htdocs\images\Acciones\Hogar.svg", "XML", 0, 0, 0, 37, 0, 0, 0, 0, 0, 1, 1, 39
"c:\xampp\htdocs\images\Acciones\Login.svg", "XML", 0, 0, 0, 30, 0, 0, 0, 0, 0, 1, 1, 32
"c:\xampp\htdocs\images\Acciones\Manual.svg", "XML", 0, 0, 0, 63, 0, 0, 0, 0, 0, 1, 1, 65
"c:\xampp\htdocs\images\Acciones\Maximizar.svg", "XML", 0, 0, 0, 48, 0, 0, 0, 0, 0, 1, 1, 50
"c:\xampp\htdocs\images\Acciones\Pdf.svg", "XML", 0, 0, 0, 115, 0, 0, 0, 0, 0, 1, 1, 117
"c:\xampp\htdocs\images\Acciones\Registro.svg", "XML", 0, 0, 0, 27, 0, 0, 0, 0, 0, 1, 1, 29
"c:\xampp\htdocs\images\Acciones\Reloj.svg", "XML", 0, 0, 0, 30, 0, 0, 0, 0, 0, 1, 1, 32
"c:\xampp\htdocs\images\Acciones\Retroceder.svg", "XML", 0, 0, 0, 35, 0, 0, 0, 0, 0, 1, 1, 37
"c:\xampp\htdocs\images\Acciones\Soporte.svg", "XML", 0, 0, 0, 82, 0, 0, 0, 0, 0, 1, 1, 84
"c:\xampp\htdocs\images\Acciones\Tema.svg", "XML", 0, 0, 0, 86, 0, 0, 0, 0, 0, 1, 1, 88
"c:\xampp\htdocs\images\Contextual\Actualizar.svg", "XML", 0, 0, 0, 68, 0, 0, 0, 0, 0, 1, 1, 70
"c:\xampp\htdocs\images\Contextual\Ayuda.svg", "XML", 0, 0, 0, 69, 0, 0, 0, 0, 0, 1, 1, 71
"c:\xampp\htdocs\images\Contextual\Borrar.svg", "XML", 0, 0, 0, 50, 0, 0, 0, 0, 0, 1, 1, 52
"c:\xampp\htdocs\images\Contextual\Copiar.svg", "XML", 0, 0, 0, 72, 0, 0, 0, 0, 0, 1, 1, 74
"c:\xampp\htdocs\images\Contextual\Cortar.svg", "XML", 0, 0, 0, 59, 0, 0, 0, 0, 0, 1, 1, 61
"c:\xampp\htdocs\images\Contextual\Pegar.svg", "XML", 0, 0, 0, 50, 0, 0, 0, 0, 0, 1, 1, 52
"c:\xampp\htdocs\images\Contextual\Seleccionar.svg", "XML", 0, 0, 0, 57, 0, 0, 0, 0, 0, 1, 1, 59
"c:\xampp\htdocs\images\Contextual\Tema.svg", "XML", 0, 0, 0, 19, 0, 0, 0, 0, 0, 1, 1, 21
"c:\xampp\htdocs\images\Funciones\Actualizar.svg", "XML", 0, 0, 0, 137, 0, 0, 0, 0, 0, 1, 1, 139
"c:\xampp\htdocs\images\Funciones\Agregar.svg", "XML", 0, 0, 0, 43, 0, 0, 0, 0, 0, 1, 1, 45
"c:\xampp\htdocs\images\Funciones\Bloqueado.svg", "XML", 0, 0, 0, 45, 0, 0, 0, 0, 0, 1, 1, 47
"c:\xampp\htdocs\images\Funciones\Consultar.svg", "XML", 0, 0, 0, 74, 0, 0, 0, 0, 0, 1, 1, 76
"c:\xampp\htdocs\images\Funciones\Eliminar.svg", "XML", 0, 0, 0, 47, 0, 0, 0, 0, 0, 1, 1, 49
"c:\xampp\htdocs\images\Iconos\Acerca.svg", "XML", 0, 0, 0, 33, 0, 0, 0, 0, 0, 1, 1, 35
"c:\xampp\htdocs\images\Iconos\Base.svg", "XML", 0, 0, 0, 300, 0, 0, 0, 0, 0, 1, 1, 302
"c:\xampp\htdocs\images\Iconos\Calle.svg", "XML", 0, 0, 0, 105, 0, 0, 0, 0, 0, 1, 1, 107
"c:\xampp\htdocs\images\Iconos\Casa.svg", "XML", 0, 0, 0, 104, 0, 0, 0, 0, 0, 1, 1, 106
"c:\xampp\htdocs\images\Iconos\Chatbot.svg", "XML", 0, 0, 0, 265, 0, 0, 0, 0, 0, 1, 1, 267
"c:\xampp\htdocs\images\Iconos\Ciudad.svg", "XML", 0, 0, 0, 426, 0, 0, 0, 0, 0, 1, 1, 428
"c:\xampp\htdocs\images\Iconos\Contrato.svg", "XML", 0, 0, 0, 151, 0, 0, 0, 0, 0, 1, 1, 153
"c:\xampp\htdocs\images\Iconos\Correo.svg", "XML", 0, 0, 0, 206, 0, 0, 0, 0, 0, 1, 1, 208
"c:\xampp\htdocs\images\Iconos\Edificio.svg", "XML", 0, 0, 0, 227, 0, 0, 0, 0, 0, 1, 1, 229
"c:\xampp\htdocs\images\Iconos\Estado.svg", "XML", 0, 0, 0, 494, 0, 0, 0, 0, 0, 1, 1, 496
"c:\xampp\htdocs\images\Iconos\EstudianteI.svg", "XML", 0, 0, 0, 286, 0, 0, 0, 0, 0, 1, 1, 288
"c:\xampp\htdocs\images\Iconos\EstudianteII.svg", "XML", 0, 0, 0, 175, 0, 0, 0, 0, 0, 1, 1, 177
"c:\xampp\htdocs\images\Iconos\Graduacion.svg", "XML", 0, 0, 0, 146, 0, 0, 0, 0, 0, 1, 1, 148
"c:\xampp\htdocs\images\Iconos\Image-Generator.svg", "XML", 0, 0, 0, 303, 0, 0, 0, 0, 0, 1, 1, 305
"c:\xampp\htdocs\images\Iconos\Materia.svg", "XML", 0, 0, 0, 890, 0, 0, 0, 0, 0, 1, 1, 892
"c:\xampp\htdocs\images\Iconos\Matricula.svg", "XML", 0, 0, 0, 229, 0, 0, 0, 0, 0, 1, 1, 231
"c:\xampp\htdocs\images\Iconos\Mensualidad.svg", "XML", 0, 0, 0, 267, 0, 0, 0, 0, 0, 1, 1, 269
"c:\xampp\htdocs\images\Iconos\Municipio.svg", "XML", 0, 0, 0, 199, 0, 0, 0, 0, 0, 1, 1, 201
"c:\xampp\htdocs\images\Iconos\Nota.svg", "XML", 0, 0, 0, 367, 0, 0, 0, 0, 0, 1, 1, 369
"c:\xampp\htdocs\images\Iconos\Parroquia.svg", "XML", 0, 0, 0, 255, 0, 0, 0, 0, 0, 1, 1, 257
"c:\xampp\htdocs\images\Iconos\Parroquias.svg", "XML", 0, 0, 0, 103, 0, 0, 0, 0, 0, 1, 1, 105
"c:\xampp\htdocs\images\Iconos\Piso.svg", "XML", 0, 0, 0, 124, 0, 0, 0, 0, 0, 1, 1, 126
"c:\xampp\htdocs\images\Iconos\Profesor.svg", "XML", 0, 0, 0, 291, 0, 0, 0, 0, 0, 1, 1, 293
"c:\xampp\htdocs\images\Iconos\Punto.svg", "XML", 0, 0, 0, 327, 0, 0, 0, 0, 0, 1, 1, 329
"c:\xampp\htdocs\images\Iconos\Representante.svg", "XML", 0, 0, 0, 264, 0, 0, 0, 0, 0, 1, 1, 266
"c:\xampp\htdocs\images\Iconos\Seccion.svg", "XML", 0, 0, 0, 730, 0, 0, 0, 0, 0, 1, 1, 732
"c:\xampp\htdocs\images\Iconos\Telefono.svg", "XML", 0, 0, 0, 108, 0, 0, 0, 0, 0, 1, 1, 110
"c:\xampp\htdocs\images\Iconos\Usuario.svg", "XML", 0, 0, 0, 237, 0, 0, 0, 0, 0, 1, 1, 239
"c:\xampp\htdocs\images\Iconos\Vereda.svg", "XML", 0, 0, 0, 507, 0, 0, 0, 0, 0, 1, 1, 509
"c:\xampp\htdocs\images\Iconos\Voice.svg", "XML", 0, 0, 0, 355, 0, 0, 0, 0, 0, 1, 1, 357
"c:\xampp\htdocs\images\Iconos\cedula.svg", "XML", 0, 0, 0, 90, 0, 0, 0, 0, 0, 1, 1, 92
"c:\xampp\htdocs\images\Iconos\nacimiento.svg", "XML", 0, 0, 0, 114, 0, 0, 0, 0, 0, 1, 1, 116
"c:\xampp\htdocs\images\Menu-2\Captura.svg", "XML", 0, 0, 0, 38, 0, 0, 0, 0, 0, 1, 1, 40
"c:\xampp\htdocs\images\Menu-2\Flecha-derecha.svg", "XML", 0, 0, 0, 38, 0, 0, 0, 0, 0, 1, 1, 40
"c:\xampp\htdocs\images\Menu-2\Flecha-izquierda.svg", "XML", 0, 0, 0, 38, 0, 0, 0, 0, 0, 1, 1, 40
"c:\xampp\htdocs\images\Menu-2\Imprimir.svg", "XML", 0, 0, 0, 64, 0, 0, 0, 0, 0, 1, 1, 66
"c:\xampp\htdocs\images\OLD\UEP3.svg", "XML", 0, 0, 0, 1161, 0, 0, 0, 0, 0, 1, 1, 1163
"c:\xampp\htdocs\images\UEP3.svg", "XML", 0, 0, 0, 2756, 0, 0, 0, 0, 0, 1, 1, 2758
"c:\xampp\htdocs\images\Ventana\Ayuda-black.svg", "XML", 0, 0, 0, 32, 0, 0, 0, 0, 0, 1, 1, 34
"c:\xampp\htdocs\images\Ventana\Ayuda.svg", "XML", 0, 0, 0, 39, 0, 0, 0, 0, 0, 1, 1, 41
"c:\xampp\htdocs\images\Ventana\Buscar-black.svg", "XML", 0, 0, 0, 27, 0, 0, 0, 0, 0, 1, 1, 29
"c:\xampp\htdocs\images\Ventana\Buscar.svg", "XML", 0, 0, 0, 26, 0, 0, 0, 0, 0, 1, 1, 28
"c:\xampp\htdocs\images\Ventana\Cierre-black.svg", "XML", 0, 0, 0, 30, 0, 0, 0, 0, 0, 1, 1, 32
"c:\xampp\htdocs\images\Ventana\Cierre.svg", "XML", 0, 0, 0, 32, 0, 0, 0, 0, 0, 1, 1, 34
"c:\xampp\htdocs\images\Ventana\Perfil-black.svg", "XML", 0, 0, 0, 30, 0, 0, 0, 0, 0, 1, 1, 32
"c:\xampp\htdocs\images\Ventana\Perfil.svg", "XML", 0, 0, 0, 24, 0, 0, 0, 0, 0, 1, 1, 26
"c:\xampp\htdocs\index.php", "PHP", 71, 0, 0, 0, 0, 0, 0, 0, 0, 0, 5, 76
"c:\xampp\htdocs\js\AJAX.js", "JavaScript", 0, 27, 0, 0, 0, 0, 0, 0, 0, 6, 13, 46
"c:\xampp\htdocs\js\Menu-Contextual.js", "JavaScript", 0, 14, 0, 0, 0, 0, 0, 0, 0, 5, 6, 25
"c:\xampp\htdocs\js\Validacion.js", "JavaScript", 0, 94, 0, 0, 0, 0, 0, 0, 0, 15, 16, 125
"c:\xampp\htdocs\js\bootstrap.min.js", "JavaScript", 0, 2, 0, 0, 0, 0, 0, 0, 0, 5, 0, 7
"c:\xampp\htdocs\js\chart.js", "JavaScript", 0, 11201, 0, 0, 0, 0, 0, 0, 0, 70, 60, 11331
"c:\xampp\htdocs\js\jquery.js", "JavaScript", 0, 6758, 0, 0, 0, 0, 0, 0, 0, 1885, 2062, 10705
"c:\xampp\htdocs\js\jquery.min.js", "JavaScript", 0, 3, 0, 0, 0, 0, 0, 0, 0, 1, 0, 4
"c:\xampp\htdocs\js\jquery.parallax.js", "JavaScript", 0, 43, 0, 0, 0, 0, 0, 0, 0, 16, 15, 74
"c:\xampp\htdocs\js\moment-min.js", "JavaScript", 0, 4583, 0, 0, 0, 0, 0, 0, 0, 346, 756, 5685
"c:\xampp\htdocs\js\scripts.js", "JavaScript", 0, 33, 0, 0, 0, 0, 0, 0, 0, 17, 20, 70
"c:\xampp\htdocs\js\smoothscroll.js", "JavaScript", 0, 277, 0, 0, 0, 0, 0, 0, 0, 6, 21, 304
"c:\xampp\htdocs\js\trancision.js", "JavaScript", 0, 7, 0, 0, 0, 0, 0, 0, 0, 0, 1, 8
"c:\xampp\htdocs\routes2.php", "PHP", 34, 0, 0, 0, 0, 0, 0, 0, 0, 12, 31, 77
"c:\xampp\htdocs\sql\Batalla_de_Niquitao.sql", "SQL", 0, 0, 2163, 0, 0, 0, 0, 0, 0, 467, 738, 3368
"Total", "-", 55797, 23042, 2708, 15500, 1511, 3460, 3341, 17, 35, 19972, 15224, 140607